building_id,orientation,facade_length,distance_to_camera,X,Y,RUN,FOTO,viewing_quality,midpoint_x,midpoint_y
182136862,E,3.7407582202727707,0.8992215153686544,605292.262,4962262.201,110,pano_000110_000121.jpg,0.8202662662238888,605291.8505563138,4962263.000570776
1382154109,E,6.266621129017072,1.461384951721764,605400.3,4962271.058,115,pano_000115_000031.jpg,0.7853666366103851,605400.080542252,4962269.613187115
182137268,E,9.288689607802059,1.5294237922132257,605295.458,4962267.322,110,pano_000110_000119.jpg,0.7546029039529798,605294.9125454872,4962268.750851466
1307066610,S,19.960717565693265,1.724574545280451,605390.945,4962038.803,93,pano_000093_000031.jpg,0.8373566279386362,605390.6580393221,4962040.503532543
1267070084,W,8.459980322832598,1.7683632139091665,605400.3,4962271.058,115,pano_000115_000031.jpg,0.9887305143978028,605401.4026537368,4962272.440484428
2427001,S,26.091876958382667,1.7707677714569927,605268.995,4962028.257,97,pano_000097_000027.jpg,0.9928348072403336,605269.4140521104,4962029.977469072
2427060,S,15.927933480922997,1.7834625146100858,605115.716,4962305.627,110,pano_000110_000187.jpg,0.9678536589589116,605116.5772648859,4962307.188717432
1307066612,S,7.758169236652343,1.8062474362448144,605404.323,4962050.974,93,pano_000093_000037.jpg,0.8191357054727536,605404.0710222891,4962052.762585204
182138210,S,5.477019658932266,1.8835310646074062,605323.927,4962085.883,95,pano_000095_000076.jpg,0.9594269740493082,605324.2785704079,4962087.733429009
1382154101,W,5.124188400931116,1.959782526731701,605322.008,4962311.514,110,pano_000110_000102.jpg,0.9245240265163738,605323.954133552,4962311.283106624
182138001,E,5.205186730064573,1.9777787844763977,605300.326,4962275.01,110,pano_000110_000116.jpg,0.9041656118935778,605298.3518376921,4962275.129549575
1382154051,W,13.555872920431266,1.9818318414957081,605284.11,4962249.412,110,pano_000110_000126.jpg,0.9932383108792939,605285.9012066823,4962248.563922132
1382154102,W,7.7189015648469566,1.9920659660214757,605319.038,4962306.227,110,pano_000110_000104.jpg,0.9863449345950382,605320.9343195378,4962305.616836889
1382154057,W,17.870665687547884,2.0257202873111924,605303.486,4962280.179,110,pano_000110_000114.jpg,0.999835030555897,605305.2195778212,4962279.131025468
2427079,S,22.507168117358724,2.026327399082593,605333.942,4962079.132,95,pano_000095_000080.jpg,0.8438602935315742,605335.8260057765,4962079.878006006
1382154100,W,7.185393060288065,2.046137287183964,605325.007,4962316.811,110,pano_000110_000100.jpg,0.9058790991440854,605327.0428475757,4962316.606055015
182136906,S,36.4915793597982,2.0836106628734514,605297.651,4962018.189,97,pano_000097_000037.jpg,0.9791133494355235,605298.8342331822,4962019.90404887
1382154056,W,7.9677819219024055,2.0971722183008894,605297.072,4962269.89,110,pano_000110_000118.jpg,0.9338249615603801,605298.3228503286,4962268.206698255
1382154034,W,4.0439366656101186,2.1833303657371115,605376.025,4962220.416,118,pano_000118_000034.jpg,0.9970443498319829,605377.5147351826,4962218.8198732585
2427019,W,5.5730617094449375,2.219236559705604,605260.021,4962070.677,97,pano_000097_000007.jpg,0.9944170510086449,605262.2098361936,4962070.3109303005
1382154055,W,12.479132451696563,2.237347541584303,605290.603,4962259.616,110,pano_000110_000122.jpg,0.8530081562089478,605292.8400216266,4962259.5778127685
1267070085,W,5.586387893440587,2.2630480941943434,605396.234,4962275.43,115,pano_000115_000029.jpg,0.7962120252551682,605396.6898201738,4962277.646667464
182136790,W,9.364889622606832,2.359334655212223,605317.07,4962002.357,94,pano_000094_000038.jpg,0.8973041314818111,605318.3646718021,4962000.384619474
1382154029,W,4.010702636520755,2.360716971432509,605372.286,4962215.662,118,pano_000118_000032.jpg,0.856377387424401,605373.2197431745,4962213.493796065
1267070087,W,11.998560040994455,2.463050633720587,605390.153,4962282.148,115,pano_000115_000026.jpg,0.8803201566727208,605391.0927709611,4962284.424718903
179423529,N,9.79824270348418,2.4744545968413187,603413.365,4959381.461,74,pano_000074_000053.jpg,0.9989913232261317,603412.4743785562,4959379.152381582
1382154074,E,5.334890334170592,2.5710458891705423,605379.338,4962225.343,118,pano_000118_000036.jpg,0.8886679133722327,605376.7963195804,4962225.730475944
1382154113,N,8.785917194519667,2.579773328470631,605383.796,4962288.729,115,pano_000115_000023.jpg,0.9390341670898432,605381.546930965,4962287.465307434
1382154065,W,7.764531474353289,2.6235522338235295,605314.417,4962298.373,110,pano_000110_000107.jpg,0.9505779369644904,605316.1454307374,4962296.399284339
1382154120,N,3.251208024561435,2.6782265581159703,605374.546,4962296.787,115,pano_000115_000019.jpg,0.9311518388548986,605372.1876969205,4962295.51762847
1307066615,W,5.077264477079859,2.680891030191156,605364.353,4962051.425,94,pano_000094_000010.jpg,0.9994749178815081,605366.4795297974,4962053.057497393
182137737,W,9.415942509766538,2.708764216912918,605404.323,4962050.974,93,pano_000093_000037.jpg,0.9809045938924539,605405.8574758901,4962048.741784211
182137768,S,4.457111109500447,2.718123450860929,605192.377,4962333.079,117,pano_000117_000041.jpg,0.9964796150177504,605193.6137396365,4962335.499468997
182136815,S,3.4964007225661287,2.736775953165992,605189.62,4962334.346,117,pano_000117_000042.jpg,0.9553773447778842,605189.9574258039,4962337.061895147
1307066609,W,5.562935982329767,2.7656160094184306,605360.509,4962056.073,94,pano_000094_000012.jpg,0.9514596012753926,605363.0626157715,4962057.134922032
182138193,S,12.964093775617133,2.784311953641029,605340.124,4962191.531,118,pano_000118_000018.jpg,0.9697753336715993,605337.881161049,4962193.180868629
182136769,S,3.514055376622651,2.7924677302174143,605333.15,4962185.701,118,pano_000118_000015.jpg,0.9990299514402299,605331.5079466928,4962187.95965822
1267070076,W,17.356472280137787,2.8117926008588907,605347.783,4962352.367,110,pano_000110_000086.jpg,0.9891899972158382,605350.3561130471,4962351.233303888
1382154048,N,8.292991842282175,2.8169264397084066,605402.568,4962264.009,118,pano_000118_000051.jpg,0.9729531385831265,605403.969844778,4962261.565660935
2427028,S,4.541685158198372,2.8251958573013556,605124.231,4962302.52,110,pano_000110_000184.jpg,0.8903299567272496,605126.3888768815,4962304.343540236
1382154085,E,5.989510584705826,2.83122831427337,605372.286,4962215.662,118,pano_000118_000032.jpg,0.9822883179268618,605369.8116441153,4962217.0380147975
1307066616,W,4.67075131553469,2.8349249277788324,605368.254,4962046.838,94,pano_000094_000008.jpg,0.9360869905856942,605369.6139203284,4962049.325451717
1267070077,W,21.474872900685803,2.8717260516985488,605338.229,4962336.953,110,pano_000110_000092.jpg,0.950631828253807,605340.081892014,4962334.759007816
1267070084,S,10.74031245876722,2.892898524454805,605409.158,4962270.264,118,pano_000118_000054.jpg,0.9150844188982146,605408.208182181,4962272.996527765
1267070115,S,20.79402552385999,2.9095030328529172,605422.542,4962282.534,118,pano_000118_000060.jpg,0.9012214214632046,605419.8476678962,4962283.63208124
182137239,S,7.443282153422154,2.9161493974492374,605141.908,4962353.654,117,pano_000117_000059.jpg,0.9817557242659805,605143.4584482685,4962356.123825393
2427080,S,18.26365703765378,2.9209987256613292,605130.624,4962358.199,117,pano_000117_000063.jpg,0.9975810212285318,605131.5536334473,4962360.968118127
1307066606,W,5.732583580189821,2.9317911651092774,605358.54,4962058.282,94,pano_000094_000013.jpg,0.7788946331878082,605359.0491718848,4962061.169238027
1382154023,N,8.316039807285675,2.9911405494082484,605409.158,4962270.264,118,pano_000118_000054.jpg,0.9964639787036471,605411.0516219117,4962267.948591216
182136831,W,21.851406103349902,3.006623281398882,605324.203,4962015.715,94,pano_000094_000033.jpg,0.9854125356271036,605326.4600292065,4962013.728645873
1382154083,E,3.9992179926245455,3.020790653522067,605376.025,4962220.416,118,pano_000118_000034.jpg,0.8442774692134727,605373.0358482166,4962220.852059383
182137483,E,4.669532703555842,3.0301002392200824,605309.736,4962290.567,110,pano_000110_000110.jpg,0.9796223134651794,605307.4556726525,4962292.5623983685
1382154047,W,8.652433522796239,3.036200404416011,605396.343,4962257.387,118,pano_000118_000048.jpg,0.9821618471917538,605398.446133113,4962255.197172608
1382154119,N,5.636130330157723,3.0378848119621344,605376.947,4962294.884,115,pano_000115_000020.jpg,0.9520655653755783,605375.9550285148,4962292.012635045
1267070088,W,4.012680787348541,3.061940478124566,605383.796,4962288.729,115,pano_000115_000023.jpg,0.9999380116339511,605386.133111265,4962290.707229114
182137491,E,4.456166764017435,3.0722359922368034,605308.212,4962287.953,110,pano_000110_000111.jpg,0.9540251606095076,605305.2069818771,4962288.592140103
182137529,S,3.687974605802191,3.0770081572204417,605186.902,4962335.581,117,pano_000117_000043.jpg,0.8544813936748298,605186.7396445274,4962338.653721904
182136655,W,15.440238687284033,3.0801140729962815,605263.177,4962082.272,97,pano_000097_000003.jpg,0.9338026895733915,605265.52330151,4962080.276512108
182136859,S,23.679864957445172,3.0809797757004227,605321.284,4962176.449,118,pano_000118_000010.jpg,0.8483726328176249,605320.8661593217,4962179.501514626
1307066610,W,18.42818342333063,3.0866608072071666,605376.141,4962037.757,94,pano_000094_000004.jpg,0.8837117093131093,605377.2316265567,4962040.644561021
1382154037,W,11.288627143644561,3.092976555468508,605379.338,4962225.343,118,pano_000118_000036.jpg,0.8673184329490579,605382.3498259456,4962224.639147424
182137972,S,3.7051233879390097,3.1114469193947016,605195.127,4962331.838,117,pano_000117_000040.jpg,0.9062494784046295,605197.3961287781,4962333.966886216
1267070082,S,5.018251653931839,3.111539023979124,605356.732,4962308.668,115,pano_000115_000012.jpg,0.9951179262653216,605358.5707268156,4962311.17813123
1382154073,E,15.803184425920433,3.1165035348844277,605386.389,4962241.928,118,pano_000118_000042.jpg,0.9574672783658784,605383.803443033,4962243.667968232
1382154040,W,6.5929684773311035,3.120268781748244,605389.266,4962247.397,118,pano_000118_000044.jpg,0.9992845575097522,605391.8203665734,4962245.604993114
1267070077,S,18.54795799371641,3.122381867415027,605341.004,4962317.942,115,pano_000115_000006.jpg,0.9937177734645537,605342.332222752,4962320.767790658
1267070095,S,5.186395734498242,3.1322661493868895,605364.552,4962303.859,115,pano_000115_000015.jpg,0.9968587361864172,605366.4052194031,4962306.384206738
182137351,E,5.179365643463859,3.1479302906523614,605312.861,4962295.792,110,pano_000110_000108.jpg,0.9840214175465389,605309.8931034983,4962296.841311904
182138139,S,5.397862226871317,3.1491606070977625,605181.355,4962337.983,117,pano_000117_000045.jpg,0.9992123396013837,605182.7413835119,4962340.810570208
1382154022,N,8.31801923204898,3.150930762701822,605415.749,4962276.546,118,pano_000118_000057.jpg,0.9493251984753084,605417.0721314177,4962273.686334299
1267070079,S,3.422742922873812,3.167883335799807,605354.107,4962310.228,115,pano_000115_000011.jpg,0.9683706247830314,605354.9172064046,4962313.2905235365
2427026,S,38.297048399616294,3.2014521877785005,605306.437,4962097.928,95,pano_000095_000069.jpg,0.8739124750966665,605306.9983545918,4962101.0798529675
2427045,S,18.91895230785262,3.219482384556251,605156.209,4962348.481,117,pano_000117_000054.jpg,0.9046866348934867,605155.8669034896,4962351.682255505
182136773,E,25.92301478074484,3.226055444276786,605339.802,4962339.527,110,pano_000110_000091.jpg,0.928033639077843,605336.6394256206,4962340.163833592
182137189,E,10.354692462394686,3.2399069790136976,605323.504,4962314.164,110,pano_000110_000101.jpg,0.9894023139741038,605320.4862455251,4962315.343048415
182137721,S,4.234672996984885,3.247403630507174,605200.617,4962329.28,117,pano_000117_000038.jpg,0.972355428066707,605201.0826239454,4962332.493848888
1382154039,W,5.681637263543649,3.2504261760255257,605386.389,4962241.928,118,pano_000118_000042.jpg,0.9691920029562806,605389.1095804821,4962240.149317293
182137695,E,13.552670398936156,3.272295116784697,605317.52,4962303.595,110,pano_000110_000105.jpg,0.9961314910535233,605314.5495797566,4962304.967777809
1267070078,S,3.656360285645305,3.2801563567787078,605351.471,4962311.757,115,pano_000115_000010.jpg,0.9211292702915063,605351.8276679296,4962315.017707547
182137766,S,3.449024392568471,3.313445151157207,605203.401,4962327.987,117,pano_000117_000037.jpg,0.9999972628181613,605204.6459102365,4962331.057686775
1382154038,W,8.501608302817692,3.3154235564428407,605383.066,4962233.435,118,pano_000118_000039.jpg,0.907238602470586,605386.3770943615,4962233.604373805
1267070093,S,4.082931637290676,3.3627706365257026,605361.945,4962305.503,115,pano_000115_000014.jpg,0.9209003795572325,605362.4654960777,4962308.825244752
1382154044,W,4.037518073063601,3.364985660015863,605392.561,4962252.552,118,pano_000118_000046.jpg,0.9725071144215678,605394.7776035125,4962250.020242238
2427083,S,12.715112242577792,3.376361660339984,605228.442,4962317.034,117,pano_000117_000028.jpg,0.9996273285462249,605229.8011200549,4962320.124729807
179423018,N,14.95105486260616,3.395572469368294,603432.659,4959372.961,74,pano_000074_000060.jpg,0.9998600248110427,603431.3120999021,4959369.843986602
1267070096,S,5.446976686166613,3.432558582197459,605369.656,4962300.425,115,pano_000115_000017.jpg,0.986959398152839,605370.939739844,4962303.608468303
1267070090,W,3.4421763908763086,3.4882787955009626,605381.612,4962290.84,115,pano_000115_000022.jpg,0.9758447152054481,605383.7642913694,4962293.585128561
182138273,S,13.18970651047218,3.4990361860518484,605137.858,4962397.546,116,pano_000116_000069.jpg,0.9498339838050658,605140.0348404599,4962400.285456122
182136644,E,11.056638886127722,3.5286800747247695,605363.685,4962076.476,95,pano_000095_000008.jpg,0.9990391674949091,605361.0266286605,4962078.796483763
1382154094,E,8.233003181517496,3.5770474566266346,605381.919,4962230.67,118,pano_000118_000038.jpg,0.9999878106564526,605379.0417259507,4962232.795220589
182137901,S,3.5253058132513653,3.5835365516456994,605220.196,4962320.815,117,pano_000117_000031.jpg,0.9706335332283875,605222.4590953263,4962323.5935128685
2398426,W,62.8018427825612,3.6020322076937075,605359.068,4961998.693,93,pano_000093_000014.jpg,0.9701151949264522,605362.4555920976,4961997.468722333
182137853,S,3.6633811382785595,3.6156215405810315,605217.379,4962322.004,117,pano_000117_000032.jpg,0.9958600544756935,605219.2067128094,4962325.123645014
182137750,W,9.50804154195716,3.6161501186234832,605347.193,4962054.574,94,pano_000094_000018.jpg,0.9894943504799983,605350.5223639028,4962053.162661031
182138129,N,9.851430840044033,3.6565143155738453,605262.859,4962028.881,97,pano_000097_000025.jpg,0.9685142631150608,605262.79379152,4962025.225067178
182137110,S,5.019420055002942,3.6590939317455464,605206.177,4962326.743,117,pano_000117_000036.jpg,0.9400123374482887,605208.5829658262,4962329.499863589
182137984,S,5.864028209584516,3.669473231874663,605167.468,4962343.984,117,pano_000117_000050.jpg,0.9577088238929112,605167.5844215297,4962347.651625911
182136658,W,4.9738015520564804,3.6751644470823908,605266.738,4962093.578,96,pano_000096_000010.jpg,0.9664114869139415,605269.5990862874,4962091.271266602
2427079,E,24.82271583727227,3.7029766744047867,605360.937,4962108.213,95,pano_000095_000022.jpg,0.9978286342670297,605357.9340119928,4962106.046412988
182137654,S,3.782177783806398,3.7042163700202626,605214.569,4962323.13,117,pano_000117_000033.jpg,0.9986243043253338,605215.8005800566,4962326.623483861
182137556,S,3.3691159535817383,3.7426670362141543,605211.781,4962324.294,117,pano_000117_000034.jpg,0.9820612611156296,605212.4879364334,4962327.969295556
182136647,S,11.046417650604319,3.8089640969533916,605173.017,4962341.63,117,pano_000117_000048.jpg,0.9788485330422992,605175.4372569001,4962344.571184121
182137527,E,4.787542949739574,3.8288186562088793,605370.691,4962096.549,95,pano_000095_000017.jpg,0.9854280370038273,605367.3721877111,4962094.639723359
1307066606,N,9.555912043474176,3.8629933218737076,605357.999,4962069.469,95,pano_000095_000005.jpg,0.9998359160171975,605360.6169446646,4962066.628386838
182136884,S,54.06257053242912,3.9237963217664804,605168.904,4962385.718,116,pano_000116_000058.jpg,0.9248195910701301,605171.5656325952,4962388.6010347735
1382154111,E,4.223149882553093,3.929044533223555,605394.424,4962255.017,118,pano_000118_000047.jpg,0.9698366733823414,605392.3118017885,4962258.3300061375
1267070098,S,4.584659161688248,3.941561363878145,605374.546,4962296.787,115,pano_000115_000019.jpg,0.9718782477420591,605377.6483415021,4962299.218333624
182138192,S,9.056356901865017,3.9534792692872154,605200.186,4962373.803,116,pano_000116_000047.jpg,0.9945917088876317,605201.1586116597,4962377.63497402
179586678,E,14.06226699968456,3.9843654081182667,602864.574,4962114.396,18,pano_000018_000160.jpg,0.9974230529171286,602860.9385673904,4962116.026581935
182136621,S,9.193526789101247,4.002336985617624,605267.097,4962299.204,117,pano_000117_000014.jpg,0.9881537531028508,605268.1758577912,4962303.058188269
182136687,N,13.09562057485916,4.006317622434776,605112.856,4962306.525,110,pano_000110_000188.jpg,0.9530447665602035,605113.1018433738,4962302.526232449
182138057,S,5.56136734991496,4.006429325397691,605256.028,4962304.242,117,pano_000117_000018.jpg,0.9938783298552906,605258.0819204188,4962307.681896344
182136897,W,30.515978785207942,4.0313647073290415,605336.124,4962036.636,94,pano_000094_000025.jpg,0.9186345626326529,605340.1153682827,4962036.069536732
182136843,E,14.997072207449722,4.049656737051611,605374.158,4962040.031,94,pano_000094_000005.jpg,0.9794899163384109,605371.9018985467,4962036.668006404
182136574,S,3.7251459208119995,4.078912273223593,605261.563,4962301.734,117,pano_000117_000016.jpg,0.9684291759848865,605262.3020605787,4962305.745398109
2427068,E,41.718866988963434,4.12332769107959,605340.054,4962134.089,95,pano_000095_000033.jpg,0.9978490947860547,605336.7137208589,4962131.671487536
182136691,N,6.294209588362957,4.167253438696273,605129.842,4962300.272,110,pano_000110_000182.jpg,0.9982737111904862,605128.5770386129,4962296.301373612
182136796,E,15.965722146272629,4.181783724114892,605256.053,4962056.038,97,pano_000097_000012.jpg,0.9969331202498949,605252.0155211212,4962057.127072733
182136738,S,5.614460603584893,4.245473909314217,605239.208,4962311.308,117,pano_000117_000024.jpg,0.9958711792094066,605240.2085629932,4962315.43388444
182137491,S,6.461711909359827,4.2476141687886955,605300.266,4962283.849,117,pano_000117_000002.jpg,0.9771339320202368,605301.1746041913,4962287.998296874
182136570,S,6.661737177156564,4.258551736645965,605272.568,4962296.589,117,pano_000117_000012.jpg,0.9557748569304494,605275.3922614644,4962299.776288828
2427012,N,6.012941183023694,4.267178852667393,605124.231,4962302.52,110,pano_000110_000184.jpg,0.999695371016815,605122.8261400858,4962298.490709245
182138243,S,4.751689656097303,4.304112930010341,605278.033,4962293.931,117,pano_000117_000010.jpg,0.9800849034735796,605280.580699835,4962297.40009407
182136870,S,39.64772372221028,4.325215983986722,605222.993,4962365.468,116,pano_000116_000039.jpg,0.9983120139117331,605224.1576297345,4962369.633468868
182137460,S,4.870673803842747,4.329412080052867,605250.485,4962306.576,117,pano_000117_000020.jpg,0.9572718539470058,605253.3321693218,4962309.837508211
182136880,E,14.79992621615235,4.335364344408673,605355.759,4961993.649,93,pano_000093_000012.jpg,0.9945848403776549,605351.777162843,4961995.363746879
182136823,S,9.855920896210067,4.344060696849873,605311.169,4962332.739,116,pano_000116_000008.jpg,0.9991943738566353,605313.0934589708,4962336.6335244905
1264869116,E,12.469099460573466,4.348379310287127,602878.962,4962003.621,21,pano_000021_000028.jpg,0.9900959431491279,602875.0546563731,4962005.52915838
182137376,S,4.670611189856188,4.360002582971697,605283.47,4962291.299,117,pano_000117_000008.jpg,0.9945893924069533,605284.860710321,4962295.431256929
1382154110,E,7.316042352245578,4.381270117692552,605392.561,4962252.552,118,pano_000118_000046.jpg,0.9237918468748053,605388.4445934497,4962254.052241633
2427043,S,5.647230368228885,4.424651902795706,605247.654,4962307.693,117,pano_000117_000021.jpg,0.9737915800082741,605248.5502439637,4962312.025931019
1307198401,W,19.471033897349557,4.439268086459795,605368.682,4962098.847,95,pano_000095_000018.jpg,0.9858477600273544,605372.4663024712,4962101.16780933
1382154095,N,11.179977245500243,4.4441291968574825,605361.945,4962305.503,115,pano_000115_000014.jpg,0.9965475301358118,605359.5397378879,4962301.766022814
2427053,S,7.805915735074873,4.477861259872605,605224.424,4962258.397,110,pano_000110_000148.jpg,0.970805653557922,605224.9485043114,4962262.844036844
1380916880,E,10.786726450373132,4.503614820152162,602870.873,4961978.401,23,pano_000023_000090.jpg,0.9909936710564764,602866.8115273764,4961980.347018135
179588893,E,13.488852932428165,4.51009392399116,602872.497,4962283.007,27,pano_000027_000018.jpg,0.9953014640848759,602868.3971873837,4962284.886490279
1381207984,E,11.63010950048345,4.518490100455249,602850.117,4961914.939,23,pano_000023_000068.jpg,0.9439016571580465,602845.599065508,4961914.868142979
2427090,S,20.96860810855776,4.560561075845183,605235.73,4962254.095,110,pano_000110_000144.jpg,0.9637620858281277,605238.415479032,4962257.7810439095
182136869,S,17.024801683175173,4.567482598234882,605255.622,4962246.563,110,pano_000110_000137.jpg,0.9728060852661293,605256.196401023,4962251.094220668
1264869111,E,11.588150223929562,4.574247239427947,602900.798,4962070.659,21,pano_000021_000005.jpg,0.9999725345112065,602896.4698636408,4962072.139193724
1240195690,N,7.193261933993007,4.582251920928617,603035.14,4962288.992,25,pano_000025_000008.jpg,0.9982680409966288,603034.1701606405,4962284.513557829
182136786,S,4.3638405382254,4.589282722815996,605316.643,4962330.243,116,pano_000116_000006.jpg,0.9590255541462083,605319.5952579423,4962333.75664326
1380916899,W,7.426744981402064,4.592596677638814,602795.232,4961911.853,22,pano_000022_000033.jpg,0.9517379211070643,602798.9240830368,4961909.121614438
182137952,S,3.388158989973477,4.600817989116926,605241.966,4962309.982,117,pano_000117_000023.jpg,0.9863347402397421,605244.426553959,4962313.869569985
2427027,S,12.361263036211582,4.610550298992398,605291.73,4962287.377,117,pano_000117_000005.jpg,0.9726570034790188,605292.6111589831,4962291.902564375
182138195,S,4.306387792586941,4.669690915290342,605213.039,4962262.82,110,pano_000110_000152.jpg,0.9991982897889948,605214.7606875491,4962267.160714829
182138160,E,6.487704440192614,4.676113710279785,605360.692,4962001.225,93,pano_000093_000015.jpg,0.9672309869135922,605357.3010737523,4962004.444884876
182136608,S,5.013594662089862,4.682619172619502,605218.736,4962260.578,110,pano_000110_000150.jpg,0.933559765860823,605219.012017889,4962265.25247713
182138164,S,10.654079327481444,4.689720958941598,605302.787,4962336.195,116,pano_000116_000011.jpg,0.9767413285725661,605303.7190843399,4962340.7911616005
179422835,E,11.223072034036226,4.6961492084919385,603413.557,4959360.137,75,pano_000075_000009.jpg,0.9563217338882467,603408.8934204638,4959360.689126161
2427018,E,16.97360223817492,4.696863577539665,605260.792,4962073.598,97,pano_000097_000006.jpg,0.9808044400188076,605256.7034592845,4962075.90978768
182136591,S,11.806308092313762,4.72706316949214,605152.009,4962290.247,110,pano_000110_000174.jpg,0.9719442373948837,605154.9204259705,4962293.971073713
182138104,S,5.54491420310965,4.733697396067495,605146.502,4962292.83,110,pano_000110_000176.jpg,0.9522923648584009,605147.0112641013,4962297.536223657
1264869113,E,11.231755566199322,4.7474901894124075,602895.851,4962056.064,21,pano_000021_000010.jpg,0.9443065248034961,602891.1039741961,4962055.99759881
1268333200,W,12.77634320733271,4.755669539674571,602802.571,4962081.276,24,pano_000024_000038.jpg,0.9999045391396227,602807.0838795254,4962079.775896283
2427002,N,6.518862210219354,4.774890166110091,605196.264,4962269.997,110,pano_000110_000158.jpg,0.9974989489825246,605194.6046439386,4962265.51971136
182137951,N,9.986995850966586,4.788162847736655,605185.165,4962274.975,110,pano_000110_000162.jpg,0.9927083163021746,605183.7590309619,4962270.397909819
1380916892,W,10.500663809862493,4.798559611221597,602810.043,4961955.236,22,pano_000022_000018.jpg,0.9937269606399889,602814.3920703691,4961953.208252169
182136882,N,14.298134117730891,4.805663834226391,605140.962,4962295.392,110,pano_000110_000178.jpg,0.998290325863531,605138.387792856,4962291.333938584
182136865,S,20.596218191746857,4.806047526777876,605251.576,4962355.098,116,pano_000116_000029.jpg,0.9931392540350581,605252.6250551898,4962359.788157357
182136862,S,11.247675265003492,4.808310329042414,605266.961,4962242.186,110,pano_000110_000133.jpg,0.9751394327328041,605269.4853478824,4962246.278372905
182136722,N,5.983021629723111,4.828018576089478,605201.806,4962267.508,110,pano_000110_000156.jpg,0.9937454423473141,605200.291060135,4962262.923818439
1382154100,N,9.72215816232869,4.8366540968750105,605335.844,4962321.071,115,pano_000115_000004.jpg,0.9974789023721071,605333.0220408167,4962317.142925507
182136796,S,5.48013603612617,5.339379994856967,605251.493,4962044.843,97,pano_000097_000016.jpg,0.8497068537804732,605247.8572267354,4962048.753259774
1382154105,N,3.130867120329097,4.848401586911026,605341.004,4962317.942,115,pano_000115_000006.jpg,0.9999992999238352,605338.503377878,4962313.788220161
182136689,N,6.931841871821651,4.869821177942561,605207.409,4962265.118,110,pano_000110_000154.jpg,0.9910568620990596,605206.2295405373,4962260.393168397
182136854,N,9.040527915647486,4.88416860618345,605272.002,4962027.669,97,pano_000097_000028.jpg,0.9724478309600381,605271.9189584753,4962022.785537388
1380916890,E,10.909455264575644,4.893623019815891,602859.906,4961943.816,23,pano_000023_000078.jpg,0.9623825300503034,602855.8542730573,4961946.560276778
1382154096,N,5.11643537456364,4.895274040939043,605354.107,4962310.228,115,pano_000115_000011.jpg,0.9883463551326013,605352.376721717,4962305.648715667
182137656,S,6.518859482259492,4.898628364283952,605207.409,4962265.118,110,pano_000110_000154.jpg,0.9959646617388069,605209.8239923626,4962269.37996806
2427065,N,15.548240625585569,4.907024129103652,605174.138,4962280.079,110,pano_000110_000166.jpg,0.9999865475655046,605172.1050412542,4962275.612909479
2427062,N,9.567605266788608,4.9088022145972205,605221.6,4962259.475,110,pano_000110_000149.jpg,0.9986090714381991,605220.0131887901,4962254.829747653
182138244,S,6.548099739121305,4.909831291739495,605160.283,4962286.342,110,pano_000110_000171.jpg,0.9693544072295748,605163.2953954828,4962290.219101594
182136681,N,3.6393219643716987,4.91050498938706,605190.736,4962272.468,110,pano_000110_000160.jpg,0.96367866907195,605189.9784600211,4962267.616279436
2427022,S,11.099014679244934,4.910940456860039,605168.617,4962282.552,110,pano_000110_000168.jpg,0.9858515568517081,605171.3552830043,4962286.628658233
17928604,W,22.072730366964596,4.920480879972408,605355.088,4962115.08,95,pano_000095_000025.jpg,0.9805065467619472,605359.4452812306,4962117.365876718
182136791,N,17.374908126254436,4.920700146838568,605305.791,4962014.354,97,pano_000097_000040.jpg,0.9985226409333349,605304.0673059258,4962009.745077277
179586796,E,10.123305011360337,4.920700654929798,602879.682,4962303.342,27,pano_000027_000011.jpg,0.9632672669292639,602874.7664178234,4962303.566380926
19055872,S,20.964801077697516,4.931219808555197,605362.686,4962204.074,118,pano_000118_000027.jpg,0.9979230515459059,605359.8017554448,4962208.07375776
1382154104,N,6.591444071363823,4.9375933618682115,605346.226,4962314.782,115,pano_000115_000008.jpg,0.9635425938385601,605342.6965103932,4962311.32909813
182136940,N,3.6966182411025748,4.94198212305807,605165.817,4962283.814,110,pano_000110_000169.jpg,0.9938557884035245,605163.3236416582,4962279.547109857
179589655,W,10.4102313356155,4.974459729693599,602809.518,4962101.587,24,pano_000024_000045.jpg,0.9719441862772542,602814.4674310851,4962101.088621089
1264869119,W,11.732118524151295,4.975174716587475,602843.029,4962050.991,18,pano_000018_000138.jpg,0.9635959083745113,602847.9914557071,4962050.635476701
182136820,N,6.614451855222668,4.9853208414676,605213.039,4962262.82,110,pano_000110_000152.jpg,0.9605897952193416,605212.5121189235,4962257.862599449
182138152,S,5.73339042123559,4.9967876628429595,605201.806,4962267.508,110,pano_000110_000156.jpg,0.9956627044572929,605204.2301564876,4962271.877365202
1268333201,W,9.796558080979096,5.003294268117086,602797.73,4962066.719,24,pano_000024_000033.jpg,0.986795867072673,602802.6591013805,4962065.860563562
1382154097,N,5.3705636113015425,5.013496479916938,605351.471,4962311.757,115,pano_000115_000010.jpg,0.9648796787413405,605347.8483497673,4962308.291231362
182137928,N,8.760290566549418,5.016399533001205,605160.283,4962286.342,110,pano_000110_000171.jpg,0.9906827846578248,605157.6343020514,4962282.081875184
182138144,S,9.470832118884763,5.042170887610343,605265.806,4962349.88,116,pano_000116_000024.jpg,0.9909746154777772,605266.8140614543,4962354.820374416
182136843,S,8.270325853026051,5.065884484631931,605378.401,4962025.795,93,pano_000093_000025.jpg,0.9552783260187439,605373.9584455127,4962028.229521563
1381207977,E,6.1112674120475035,5.079675878990923,602855.918,4961932.411,23,pano_000023_000074.jpg,0.9967852238485062,602850.9791570522,4961933.59882885
2427096,S,27.616643470432145,5.093357363793132,605187.949,4962273.708,110,pano_000110_000161.jpg,0.9775049876878447,605189.0102119547,4962278.689577905
2427076,S,10.889541349693355,5.096570925191487,605291.46,4962340.675,116,pano_000116_000015.jpg,0.9972736456668939,605293.8745111283,4962345.163337244
1381207983,E,10.919951316868794,5.098690296362703,602844.55,4961897.635,23,pano_000023_000062.jpg,0.9994989007855085,602839.6615784394,4961899.084129872
182138258,E,8.16510730357221,5.125895599485564,605365.527,4962008.891,93,pano_000093_000018.jpg,0.9953725513717533,605360.802815136,4962010.880191563
1380916885,W,4.049908338975961,5.133173533046571,602821.752,4961990.016,22,pano_000022_000006.jpg,0.9996878894169465,602826.5372572695,4961988.15837157
2427067,N,15.45543891725035,5.13587256154861,605232.922,4962255.176,110,pano_000110_000145.jpg,0.9923086882324146,605231.6378533444,4962250.203258872
1307198405,W,5.296402237280554,5.140958631840379,605347.357,4962124.449,95,pano_000095_000029.jpg,0.9844192277846076,605350.9712727575,4962128.105020799
182137925,N,8.94004621374431,5.159583557054864,605294.939,4962019.535,97,pano_000097_000036.jpg,0.9930424416981843,605292.1078588604,4962015.221539402
179422450,N,9.359321473841893,5.165237383810427,603671.226,4959578.276,85,pano_000085_000030.jpg,0.9987110571402171,603668.4450764628,4959573.923283434
182136761,N,9.729482439742057,5.2043058072982245,605152.009,4962290.247,110,pano_000110_000174.jpg,0.98926862188004,605149.1994689413,4962285.866208499
1268333203,W,12.091999060586843,5.226706986426397,602787.894,4962037.463,24,pano_000024_000023.jpg,0.957005949327699,602792.1272855137,4962034.397423433
182136599,N,19.29543493120992,5.228020609097448,605341.532,4962074.114,95,pano_000095_000083.jpg,0.9707586972785016,605337.771676482,4962070.481897781
182136766,S,11.970739929592735,5.236658140940257,605274.308,4962346.763,116,pano_000116_000021.jpg,0.9818306550638717,605276.937461556,4962351.291633394
1381207985,W,6.614332078046103,5.247766547138452,602799.045,4961923.536,22,pano_000022_000029.jpg,0.9851807559011592,602804.2354066197,4961922.762221702
1264869117,W,7.67043099259064,5.313059328494345,602830.863,4962016.248,18,pano_000018_000126.jpg,0.9843709644576089,602836.1224683584,4962015.495276934
1307198408,W,12.824548771048466,5.3200091922453,605334.591,4962141.372,95,pano_000095_000036.jpg,0.9765611829874035,605338.0026942219,4962145.45401425
2427035,S,6.604131837922351,5.33182481353646,605283.002,4962343.781,116,pano_000116_000018.jpg,0.9707943640163821,605285.7460457108,4962348.352495267
182136866,E,18.144575853805808,5.340254729424483,605340.715,4962044.482,94,pano_000094_000022.jpg,0.9966036093993055,605335.8936958713,4962046.778376946
1307198406,W,5.532430979257631,5.3560135944486555,605343.693,4962129.272,95,pano_000095_000031.jpg,0.9970798860352985,605347.9119060247,4962132.571653554
182137732,E,6.542905398020582,5.373733009257822,605326.971,4962020.979,94,pano_000094_000031.jpg,0.9999526151440337,605322.4260388874,4962023.846112649
2427025,N,15.140806244629315,5.406098562935354,605247.113,4962249.81,110,pano_000110_000140.jpg,0.9895270246877356,605245.8540843826,4962244.552525974
182138245,E,6.527014382696455,5.410674861295138,605330.096,4962026.147,94,pano_000094_000029.jpg,0.9926562493699363,605325.8031469507,4962029.440450341
182136824,N,25.219439150513594,5.413397940712703,605136.254,4962355.894,117,pano_000117_000061.jpg,0.9991546028642617,605133.845804999,4962351.045755564
1380916894,E,11.117765940914174,5.422486695736892,602832.188,4961856.55,23,pano_000023_000048.jpg,0.9765099684889741,602827.4413823659,4961859.171637466
1307066607,N,5.643308425531125,5.432994076129651,605361.742,4962074.14,95,pano_000095_000007.jpg,0.9474179372002293,605366.4666883473,4962071.457697883
2427050,E,8.73658749987035,5.447026582422253,605264.833,4962088.09,97,pano_000097_000001.jpg,0.92249234317315,605260.044943929,4962090.687040172
182137290,E,7.724768237827173,5.4971919977432595,605334.66,4962034.008,94,pano_000094_000026.jpg,0.9732080615063999,605329.3965376129,4962035.593901496
1264869115,E,12.097178115043004,5.503510760947042,602884.654,4962021.137,21,pano_000021_000022.jpg,0.9993123901535756,602879.4814900026,4962023.016832711
2427078,N,8.673344315493212,5.523491790431192,605258.446,4962245.458,110,pano_000110_000136.jpg,0.9953699163961149,605256.917440756,4962240.150225684
179589195,E,10.553041762501673,5.540556394937619,602879.714,4962157.627,18,pano_000018_000175.jpg,0.9997516459306776,602874.4934829702,4962159.482792852
1307198407,W,7.0963529872014,5.561443351490387,605340.054,4962134.089,95,pano_000095_000033.jpg,0.997305181728757,605344.2638645167,4962137.723101388
182136780,N,4.015821860318268,5.59288412328333,605269.819,4962241.161,110,pano_000110_000132.jpg,0.9999430806398487,605267.7597933968,4962235.960997983
179471721,N,11.968064319036646,5.600892072440725,603720.323,4959774.959,81,pano_000081_000029.jpg,0.9993572812050533,603717.3310198978,4959770.224229988
1380916884,E,11.64342985278162,5.6507471438498,602865.689,4961961.143,23,pano_000023_000084.jpg,0.9999013389935947,602860.292936903,4961962.820333101
1264869112,W,11.326385976658255,5.671483774734747,602848.995,4962068.34,18,pano_000018_000144.jpg,0.9650005056150192,602854.6487737008,4962067.892148296
182136613,N,5.279164972411224,5.674925480234174,605264.128,4962243.248,110,pano_000110_000134.jpg,0.9719184150242753,605263.4176239492,4962237.617711812
1380916897,E,5.465222858737656,5.729293278037113,602837.496,4961874.129,23,pano_000023_000054.jpg,0.9922431602666142,602831.8390458757,4961875.036563496
179470218,N,11.149884114956144,5.813446318082162,603705.455,4959785.694,81,pano_000081_000035.jpg,0.9998992850621049,603702.1874129816,4959780.885774426
182136995,N,3.022433551780059,5.836724167869305,605241.966,4962309.982,117,pano_000117_000023.jpg,0.9994140931885852,605239.7255529102,4962304.592403926
182136791,E,26.906602967609683,5.839227383034332,605311.116,4961991.872,94,pano_000094_000042.jpg,0.9989723909813722,605305.8188487827,4961994.328982988
1307066608,N,8.909268255027428,5.853301087217678,605367.905,4962080.806,95,pano_000095_000010.jpg,0.99916527639085,605371.7841961717,4962076.42273972
179586530,E,11.940473208711483,5.879191936713713,602831.901,4962019.17,18,pano_000018_000127.jpg,0.9906249426696253,602826.1373928832,4962020.3300563935
179587360,N,10.029542578667701,5.8886451287961465,602792.296,4962017.626,24,pano_000024_000014.jpg,0.9997641901872983,602790.5234623313,4962012.010463368
182137927,N,6.125939799857509,5.920297661594218,605288.953,4962288.664,117,pano_000117_000006.jpg,0.9770002888689076,605285.3851057044,4962283.939589487
182137172,N,8.037336787542872,5.921479033202887,605150.508,4962350.533,117,pano_000117_000056.jpg,0.9819105809392706,605149.2289999838,4962344.7512984425
182138001,N,12.582853578939316,5.9221127276105205,605297.264,4962284.898,117,pano_000117_000003.jpg,0.9843618809756706,605293.8852954418,4962280.034279751
1380916886,W,4.801234171693928,5.994988520620569,602814.935,4961969.607,22,pano_000022_000013.jpg,0.9881267922231283,602820.2302080838,4961966.79618896
179423927,S,14.27052910933337,6.003454630688704,603413.365,4959381.461,74,pano_000074_000053.jpg,0.9418495916628067,603417.234347652,4959386.051165165
1264869114,E,6.26609341347417,6.012950767804087,602889.256,4962035.653,21,pano_000021_000017.jpg,0.9988403550016491,602883.4506542352,4962037.219377186
1264869110,W,7.094352845781551,6.037851610823859,602853.18,4962083.057,18,pano_000018_000149.jpg,0.9815492800934342,602859.1579876121,4962082.208874903
182136869,N,17.060592035626076,6.050516339330906,605278.033,4962293.931,117,pano_000117_000010.jpg,0.9924791496343974,605274.8524574771,4962288.783874857
179476813,N,8.88932134961778,6.057744496477403,603631.57,4959606.169,85,pano_000085_000046.jpg,0.9630986124477289,603626.9981771836,4959602.194744784
1278717181,N,6.115846771895819,6.11649890661454,602836.6,4961651.047,17,pano_000017_000070.jpg,0.7460562979039674,602831.6542578633,4961647.44822332
182137980,N,8.105834964958746,6.119463837404508,605276.172,4962239.919,110,pano_000110_000130.jpg,0.9978681405566139,605274.3243808546,4962234.08512126
182137456,N,18.38237819712858,6.125907220571348,605323.927,4962085.883,95,pano_000095_000076.jpg,0.9902082285321199,605321.6372784972,4962080.201106414
1264869118,W,6.106526260950403,6.133528287511848,602836.795,4962033.713,18,pano_000018_000132.jpg,0.9816256123710267,602842.0940524436,4962030.624276565
182136704,N,10.34636184515105,6.133903382391125,605236.516,4962312.757,117,pano_000117_000025.jpg,0.9977946749978704,605233.633210096,4962307.342732452
182136706,N,7.050136187685755,6.14725652179971,605247.654,4962307.693,117,pano_000117_000021.jpg,0.9882132451865134,605244.3195506033,4962302.528679138
179586727,E,10.805283967679442,6.18204054527305,602822.782,4961992.873,22,pano_000022_000005.jpg,0.9815149110389478,602817.4339486614,4961995.973963106
1307066611,N,7.8482127037432905,6.187375133081014,605374.085,4962087.08,95,pano_000095_000013.jpg,0.9957503092352702,605377.8678299601,4962082.1836944
1382154057,N,8.076965182419018,8.74138625492297,605311.297,4962293.185,110,pano_000110_000109.jpg,0.7222083952845154,605313.5087484056,4962284.728050039
1380916874,E,11.083600478671581,6.218209145199741,602823.208,4961824.258,23,pano_000023_000037.jpg,0.9876483822001817,602817.04252783,4961825.066132352
179470623,E,11.906807350165,6.289859346837547,603768.86,4959786.557,78,pano_000078_000046.jpg,0.9992806434582953,603763.5197980544,4959789.880337747
179471462,E,10.370239286667783,6.292345279821295,603729.428,4959729.079,78,pano_000078_000023.jpg,0.9933199481611261,603723.858323686,4959732.00685158
179469531,N,11.08197035480265,6.312774602520523,603735.536,4959764.753,81,pano_000081_000023.jpg,0.9998678206788207,603732.0925083878,4959759.4621126745
179474218,W,5.486181123173931,6.402854742694427,603716.025,4959859.676,78,pano_000078_000082.jpg,0.9904618329935072,603720.6254630451,4959855.222654222
179586158,E,13.210633885485992,6.410203989535566,602854.01,4962085.953,18,pano_000018_000150.jpg,0.9957134164063473,602847.7781631269,4962087.454640562
182136880,S,5.599461948830327,8.08452404632217,605341.739,4961973.968,93,pano_000093_000004.jpg,0.8832748534977435,605339.360933877,4961981.694857743
2427090,N,21.428980567900712,6.433055041862302,605258.803,4962302.979,117,pano_000117_000017.jpg,0.9824096233596545,605257.3201196482,4962296.719186662
179473593,N,9.678267516618753,6.4473708677928,603661.063,4959757.898,80,pano_000080_000009.jpg,0.9996586709358823,603657.1114401796,4959752.803516111
1380916898,W,13.290686493705941,6.447776449285097,602789.441,4961894.408,22,pano_000022_000039.jpg,0.9999801892716569,602795.6323503776,4961892.607721789
2427096,N,26.778305642034,6.497062039235252,605208.968,4962325.509,117,pano_000117_000035.jpg,0.9964311635152624,605206.822541187,4962319.376396831
179468278,N,15.255169000262493,6.538548447182787,603738.619,4959647.951,77,pano_000077_000081.jpg,0.9984963410130523,603735.1909931873,4959642.383111253
179423256,S,6.802800010550956,6.548062335347403,603438.558,4959371.525,74,pano_000074_000062.jpg,0.9764279668709293,603442.0376121621,4959377.072018979
179423626,N,4.780900415430209,6.582828706145788,603723.561,4959600.687,82,pano_000082_000055.jpg,0.9999165090745421,603720.1589943394,4959595.051399655
182137474,N,4.982111792671543,6.587118346785428,605268.647,4962348.828,116,pano_000116_000023.jpg,0.9997448485462116,605266.2732138163,4962342.683468507
179423556,N,9.36209272073956,6.587134966558703,603600.594,4959510.426,76,pano_000076_000165.jpg,0.99778973855466,603596.1085761476,4959505.601964353
182136980,W,4.779473091013632,10.187274983821666,605426.96,4962286.614,118,pano_000118_000062.jpg,0.7580633990629805,605428.4930242379,4962296.685266469
1382154065,S,7.848595725592425,9.875558263696435,605308.212,4962287.953,110,pano_000110_000111.jpg,0.7483077060838753,605317.568886114,4962291.1113751
1272764627,E,11.324904359540323,6.608042279697358,603756.993,4959769.007,78,pano_000078_000039.jpg,0.9982636865416525,603751.3226368355,4959772.400111308
179423422,W,9.717654412988423,6.62848914755686,603545.646,4959460.181,76,pano_000076_000137.jpg,0.9951719094645323,603551.1510396616,4959456.488926504
1380916875,E,8.373402985081006,6.630163917241658,602826.959,4961839.054,23,pano_000023_000042.jpg,0.9849342964778619,602821.0120324118,4961841.98532224
182138214,N,5.00207844395891,6.6943716774064015,605274.308,4962346.763,116,pano_000116_000021.jpg,0.9860522129060455,605270.9604041779,4962340.965740789
182136749,N,14.109787788856812,6.715106888468655,605242.982,4962358.161,116,pano_000116_000032.jpg,0.9940780948826655,605241.4552208579,4962351.621764114
182138247,N,6.490590436863584,6.734838977432981,605228.442,4962317.034,117,pano_000117_000028.jpg,0.9993166688248588,605225.9476251889,4962310.778110746
182137892,N,6.470586052077938,6.738452654200733,605254.424,4962354.038,116,pano_000116_000028.jpg,0.9884050291505703,605251.1425772081,4962348.152508633
179470082,N,9.997591389797577,6.745134998549287,603721.138,4959660.266,77,pano_000077_000074.jpg,0.9988636259037269,603717.4818457109,4959654.59772143
1264869095,W,11.010879743515536,6.771985153190493,602878.962,4962003.621,21,pano_000021_000028.jpg,0.9987404063170299,602885.3152500555,4962001.276645792
182136612,N,10.362540944379608,6.787418996435037,605260.122,4962351.979,116,pano_000116_000026.jpg,0.9827787730458525,605259.0523239998,4962345.276399767
182137975,N,5.480109862120597,6.793992327970672,605288.66,4962341.718,116,pano_000116_000016.jpg,0.9999942936421014,605286.2355125251,4962335.371332195
1380916896,W,11.699869103371478,6.8260044433372284,602784.407,4961876.81,22,pano_000022_000045.jpg,0.9912022524985158,602791.151475332,4961875.758149654
182137837,N,3.5175863737573865,6.8573657938505495,605200.186,4962373.803,116,pano_000116_000047.jpg,0.9994211757096819,605197.6473844482,4962367.4328432735
182138080,N,6.976056961506679,6.8587210400801855,605280.119,4962344.779,116,pano_000116_000019.jpg,0.9813752701251366,605276.582700306,4962338.9022118645
179469888,S,13.169812065714224,6.861344668784564,603608.206,4959681.088,82,pano_000082_000009.jpg,0.9999999397860135,603611.976805102,4959686.820283973
182136652,N,10.023391079418236,6.8662474609800155,605231.558,4962362.358,116,pano_000116_000036.jpg,0.991927831035619,605230.081742066,4962355.65232951
182137642,N,4.0504673136382605,6.8670297252765184,605283.002,4962343.781,116,pano_000116_000018.jpg,0.9865104648500882,605281.7668752945,4962337.025960088
1380916876,W,11.809553738984933,6.867846160489548,602778.637,4961859.37,22,pano_000022_000051.jpg,0.9947914094370279,602785.3934690922,4961858.138157358
182138094,S,14.746442798989166,6.882029954049981,605312.163,4962146.909,95,pano_000095_000046.jpg,0.9957509909776656,605308.3281617839,4962152.623573663
1380916837,N,13.9347283412555,6.893223721681798,602889.277,4961986.101,18,pano_000018_000101.jpg,0.9942731192233553,602886.5413844264,4961979.773841023
182138152,N,4.334816103868838,6.897530882687996,605223.039,4962319.59,117,pano_000117_000030.jpg,0.9911461795722015,605221.010957886,4962312.9973542895
2427037,N,6.11093989951826,6.898214699676497,605225.822,4962364.411,116,pano_000116_000038.jpg,0.9871455634628269,605222.4870236414,4962358.372515196
2427048,N,8.94176749528121,6.920855171907612,605194.492,4962375.964,116,pano_000116_000049.jpg,0.9990787040146094,605191.8021734767,4962369.587239883
182137583,N,15.91848251388595,6.926923275813387,605189.62,4962334.346,117,pano_000117_000042.jpg,0.9994387105053957,605187.2289649809,4962327.844829521
179470488,N,8.177610215251123,6.928417657027233,603784.562,4959674.027,80,pano_000080_000058.jpg,0.940899050615833,603779.2651746217,4959669.560836978
179587320,E,6.506112757204162,6.951807372144035,602817.205,4961800.378,17,pano_000017_000000.jpg,0.9942961628312966,602810.3797139963,4961801.698263878
182136877,N,19.644385071575297,6.954859238379135,605299.994,4962337.339,116,pano_000116_000012.jpg,0.9984781139219414,605297.8965810423,4962330.707944221
182136664,N,4.646439925878917,6.955543517214027,605214.415,4962368.611,116,pano_000116_000042.jpg,0.9997283964645639,605211.9250928299,4962362.116390858
182136662,N,5.827200083419667,6.958400461117403,605220.116,4962366.52,116,pano_000116_000040.jpg,0.9889741954379025,605216.8619003221,4962360.36937627
179422589,N,8.065555814634806,6.972781013186247,603741.073,4959588.379,82,pano_000082_000062.jpg,0.9640597449816718,603735.8594164535,4959583.748857275
182136815,N,11.153841025196446,6.974127537874366,605205.858,4962371.712,116,pano_000116_000045.jpg,0.9859234204546571,605204.519729262,4962364.867477639
1380916836,N,14.129542660363247,6.975609153359667,602914.996,4961977.867,18,pano_000018_000092.jpg,0.9825778135917707,602911.6669712788,4961971.737017062
179423328,N,9.01778804975318,6.982086638675337,603567.656,4959591.773,84,pano_000084_000013.jpg,0.9983310257794821,603564.3774769244,4959585.608519465
182137728,N,4.268184572718231,6.987383767066602,605188.804,4962378.114,116,pano_000116_000051.jpg,0.9934388121026982,605185.6142868828,4962371.897146926
182138186,N,19.09750338946672,6.998701152507995,605173.017,4962341.63,117,pano_000117_000048.jpg,0.9850769076532635,605171.1988180073,4962334.871595451
182137941,N,6.723238876107353,7.016415995661877,605180.237,4962381.316,116,pano_000116_000054.jpg,0.9880777132464997,605176.8317812656,4962375.181297171
179423910,S,15.003592018075071,7.02053790546188,603426.883,4959375.7,75,pano_000075_000000.jpg,0.910370179888158,603431.7700318156,4959380.740324643
182137955,N,3.873488510910352,7.021658739422209,605174.531,4962383.524,116,pano_000116_000056.jpg,0.9996434893387296,605171.8656830522,4962377.027864455
182137940,N,3.880839459060689,7.033863890140167,605183.083,4962380.251,116,pano_000116_000053.jpg,0.9840713402651331,605181.8018356322,4962373.334797351
182136607,N,13.489700102840736,7.037213883551425,605316.643,4962330.243,116,pano_000116_000006.jpg,0.993303888752634,605313.1119913978,4962324.155770952
179588447,E,13.339040918651058,7.0573809152063784,602811.988,4961960.992,22,pano_000022_000016.jpg,0.9999279598943646,602805.2817713207,4961963.190436328
1263414131,N,12.960023271985731,7.067886126739031,602731.299,4961836.452,23,pano_000023_000003.jpg,0.992630021091845,602730.0658854605,4961829.492514183
179475080,N,4.771561095518985,7.070500393747903,603664.066,4959700.43,83,pano_000083_000015.jpg,0.9862014911085171,603661.2806955453,4959693.9312266605
182138018,N,14.585665925750593,7.089611505010373,605303.873,4962099.525,95,pano_000095_000068.jpg,0.963325810870086,605299.6284082518,4962093.846441012
179588955,N,15.78357093306971,7.096661752694343,602783.526,4961820.302,23,pano_000023_000021.jpg,0.9847180237888715,602780.2730277089,4961813.994799407
182136600,N,7.540268184765651,7.1003522488107285,605168.904,4962385.718,116,pano_000116_000058.jpg,0.999903194605363,605166.5213258332,4962379.029362929
179469549,N,8.501058650177566,7.118552998108309,603798.804,4959662.739,80,pano_000080_000064.jpg,0.9666766568887963,603793.9806264605,4959657.5036524
1380916871,W,15.440083459324915,7.123949099058984,602773.029,4961841.944,22,pano_000022_000057.jpg,0.9907079137384807,602779.5134480272,4961838.99398567
182138240,N,7.872038583022583,7.135606890787971,605157.615,4962389.946,116,pano_000116_000062.jpg,0.9998544665573846,605155.2402986144,4962383.2171309255
182137761,E,4.834066887804579,7.1379353539251476,605266.738,4962093.578,96,pano_000096_000010.jpg,0.8925208336075037,605260.7333722874,4962097.437348021
179585655,E,6.696130451643434,7.1426152133359375,602846.035,4962059.664,18,pano_000018_000141.jpg,0.9926170377805219,602839.0542417658,4962061.175941322
182138083,N,4.327097697732693,7.161150199729383,605163.281,4962387.868,116,pano_000116_000060.jpg,0.9997175111697328,605160.9584120393,4962381.093957091
179590238,E,4.9974434171845585,7.168668655944655,602783.594,4962025.974,24,pano_000024_000019.jpg,0.9089684258085473,602776.4651834441,4962025.219159078
179470586,N,7.803362503737485,7.170444392970092,603732.05,4959710.943,80,pano_000080_000037.jpg,0.99955070778154,603728.3405385856,4959704.806619242
179470300,N,8.140677641926429,7.170594094164786,603749.494,4959698.591,80,pano_000080_000044.jpg,0.99005753926579,603744.279412024,4959693.669060148
182136595,N,14.453140889386546,7.193270223153588,605146.255,4962394.129,116,pano_000116_000066.jpg,0.9894297699042939,605144.7712585563,4962387.090417201
179470287,N,8.702925456765913,7.223659778511664,603705.839,4959670.375,77,pano_000077_000068.jpg,0.9752919185390627,603701.2093345713,4959664.8299609
179474501,N,13.460623192728306,7.224697988443447,603776.625,4959622.742,77,pano_000077_000096.jpg,0.9872101271392492,603771.9465460205,4959617.236699883
179422885,W,9.047722024181127,7.22812569056214,603557.6,4959477.653,76,pano_000076_000144.jpg,0.9999640823812119,603563.50746893,4959473.487953562
1380916838,N,12.396697896418914,7.238788656242271,602900.455,4961981.696,18,pano_000018_000097.jpg,0.9976030960803525,602898.7181311379,4961974.668671364
1380916835,W,20.782153382402413,7.273724199138947,602862.825,4961952.373,23,pano_000023_000081.jpg,0.9892974812858389,602869.9994771588,4961951.17552715
179473478,E,10.05358910838282,7.299648341012473,603687.708,4959668.868,77,pano_000077_000061.jpg,0.999959540889703,603681.3660253084,4959672.48244642
179585714,E,12.197686080039833,7.309435599131922,602796.153,4961914.75,22,pano_000022_000032.jpg,0.9976627167130804,602789.4377261546,4961917.63668425
1268333202,W,5.959583357947404,7.331609642300024,602793.855,4962054.903,24,pano_000024_000029.jpg,0.9974663490721193,602800.5943993047,4962052.016306916
179587241,E,11.520032116197196,7.368581080558534,602797.73,4962066.719,24,pano_000024_000033.jpg,0.9981545740690791,602790.6073388108,4962068.606772423
1382154025,W,8.245934062619206,7.376220610384441,605364.682,4962206.343,118,pano_000118_000028.jpg,0.9774603516587963,605369.22003606,4962200.527945468
179469501,N,8.928855448515495,7.377846703665271,603681.192,4959744.06,80,pano_000080_000017.jpg,0.9938822209013821,603676.6222551978,4959738.267759119
179469963,N,12.47065389465643,7.389427753644539,603733.975,4959826.477,78,pano_000078_000067.jpg,0.9897039057444146,603728.9469093208,4959821.062025702
1264869094,W,10.632156133561626,7.396351796912822,602884.654,4962021.137,21,pano_000021_000022.jpg,0.97990023514805,602891.0990155642,4962017.508254448
1268333199,E,4.861546460410562,7.407361630531734,602836.795,4962033.713,18,pano_000018_000132.jpg,0.9943133868605429,602829.5788645872,4962035.385242814
1263414130,N,16.792798502454502,7.447401690271925,602754.592,4961829.595,23,pano_000023_000011.jpg,0.9938932889509239,602751.5990941885,4961822.775446735
179585749,E,9.670202064698934,7.44753658006948,602801.816,4961932.19,22,pano_000022_000026.jpg,0.9999997218381553,602794.7672211593,4961934.594270777
179471326,N,24.201529002931196,7.466870012052383,603698.109,4959617.845,82,pano_000082_000045.jpg,0.9966776850913817,603694.3351898233,4959611.401980171
1264869089,N,14.809637484187999,7.476212448854619,602917.989,4962078.813,20,pano_000020_000023.jpg,0.9846833690379138,602916.9019075992,4962071.416245123
179473108,S,7.996358708538063,7.4914698411395655,603656.023,4959647.982,82,pano_000082_000028.jpg,0.9782563813061375,603661.177738162,4959653.418064281
179473594,N,7.864838297279394,7.494226963592651,603709.064,4959725.308,80,pano_000080_000028.jpg,0.9714863669829356,603706.2378064853,4959718.367101788
182136604,N,7.930991564639977,7.4968492917886,605137.858,4962397.546,116,pano_000116_000069.jpg,0.9894272274848146,605134.2705959831,4962390.963198034
19055872,W,10.510284527617475,8.178241410297776,605347.252,4962197.181,118,pano_000118_000021.jpg,0.7511328758934377,605348.1873615945,4962205.305575758
179587587,E,7.238244024766902,7.525756806533729,602806.803,4961946.641,22,pano_000022_000021.jpg,0.9998931420306675,602799.6474825216,4961948.972434135
179474707,S,9.59639461454536,7.607429253932438,603638.405,4959660.026,82,pano_000082_000021.jpg,0.9930883682024649,603643.2108675383,4959665.923170259
179472034,N,11.806853066881315,7.624152535303453,603718.929,4959836.769,78,pano_000078_000073.jpg,0.9847637833117222,603713.596246168,4959831.320198438
182138076,S,7.41837222831311,7.628517190138593,605305.513,4962140.648,95,pano_000095_000049.jpg,0.9844760286282137,605299.7334638985,4962145.627079932
1264869093,W,10.81614626454272,7.65031813377454,602890.18,4962038.591,21,pano_000021_000016.jpg,0.9999680798405453,602897.4522209221,4962036.215674674
179423393,W,9.666465349024056,7.665871591056501,603567.911,4959492.672,76,pano_000076_000150.jpg,0.9901017031827226,603574.6797737353,4959489.073487895
1380916821,W,12.110260984866326,7.718275898147173,602851.034,4961917.815,23,pano_000023_000069.jpg,0.9818465339477207,602857.7975347086,4961914.096615796
1382069435,E,12.126903650248753,7.746592483761605,603150.333,4962360.574,25,pano_000025_000143.jpg,0.9999994668521867,603142.8328874705,4962362.5125580095
1382154024,W,5.986908739168225,7.750467090357401,605358.638,4962199.79,118,pano_000118_000025.jpg,0.9999982799284555,605364.7344607185,4962195.004301844
179423184,N,8.494556314227765,7.781674327826582,603600.559,4959569.466,84,pano_000084_000026.jpg,0.9999717933541318,603596.7804056093,4959562.663303493
1382069434,E,13.234888402221221,7.803816636181961,603155.595,4962381.313,25,pano_000025_000150.jpg,0.9920135414383618,603147.8580390553,4962382.332308311
182137770,N,10.413410672160136,7.835728067789141,605250.858,4962033.799,97,pano_000097_000020.jpg,0.869977769610988,605244.1376085428,4962029.769735426
179473773,N,12.870250034422208,7.842706947617741,603749.221,4959816.3,78,pano_000078_000061.jpg,0.9941861610857061,603745.5113479123,4959809.390113341
182137770,E,5.314840010548655,10.113016866226612,605256.856,4962029.287,97,pano_000097_000023.jpg,0.7077825492452465,605247.8558893668,4962024.6749376925
179472653,N,15.010031500384136,7.850689142703429,603636.02,4959719.49,83,pano_000083_000026.jpg,0.9997771253119242,603631.7114124917,4959712.927272389
179471656,N,10.739061839054862,7.936710581558669,603690.3,4959796.01,81,pano_000081_000041.jpg,0.9844183633370466,603684.6120193825,4959790.474816954
179588871,E,7.559842813845135,7.944156978982764,602802.571,4962081.276,24,pano_000024_000038.jpg,0.9950630022088077,602795.1150140911,4962084.017879689
1380916832,W,11.662182714528097,7.969825365596497,602855.918,4961932.411,23,pano_000023_000074.jpg,0.9933685395522446,602863.7351390984,4961930.858436743
1264869096,S,15.743230667410101,7.983815117909181,602912.14,4961978.84,18,pano_000018_000093.jpg,0.9953278223659711,602913.8252065387,4961986.6439338
179469842,N,7.980752136409736,7.985140209609669,603611.607,4959620.081,85,pano_000085_000054.jpg,0.9998672739158618,603608.0348061428,4959612.939438881
179473721,N,11.782757278820013,7.9984462995099515,603646.163,4959712.676,83,pano_000083_000022.jpg,0.9883222222876281,603642.8041247176,4959705.416998689
179476170,N,5.531896482349827,8.042121012446845,603759.444,4959635.096,77,pano_000077_000089.jpg,0.9909399311294587,603754.5818939544,4959628.690093728
179423674,N,11.0890097946591,8.051335496120707,603552.79,4959602.561,84,pano_000084_000007.jpg,0.9999309594478293,603547.9781376086,4959596.105770834
179586782,N,9.219611269091828,8.101394054449809,602855.779,4962198.487,27,pano_000027_000048.jpg,0.9975458575639048,602853.9115669624,4962190.603772268
179588405,E,9.169558867853912,8.148859352460198,602817.843,4961978.365,22,pano_000022_000010.jpg,0.9831234624265304,602809.7785303898,4961979.534717336
179423366,E,4.376213364810733,8.150180065226422,603572.983,4959500.289,76,pano_000076_000153.jpg,0.99476198854428,603565.6768750865,4959503.900921075
179422924,N,7.780171327584194,8.1574084669254,603651.68,4959592.611,85,pano_000085_000038.jpg,0.9999685680615238,603646.8880802027,4959586.0094231
1264869090,N,14.805797260600004,8.172338322581032,602940.815,4962071.459,20,pano_000020_000031.jpg,0.9840392606132278,602936.878692131,4962064.297115192
179473659,E,10.599376693738336,8.241238268423025,603703.532,4959691.613,78,pano_000078_000008.jpg,0.9890442260720814,603696.03770606,4959695.041347494
2427068,W,28.98286493693411,8.242711791926002,605307.734,4962142.689,95,pano_000095_000048.jpg,0.999568370756562,605313.6825923687,4962136.9831655715
182137541,S,7.070191549804805,8.482529600464689,605351.219,4962361.094,110,pano_000110_000083.jpg,0.8704742397733433,605359.0683608453,4962364.309718075
179473068,S,8.668264307405687,8.346625445248426,603759.444,4959635.096,77,pano_000077_000089.jpg,0.9946032810209178,603763.1536967077,4959642.5729182605
179587841,E,17.99576647209993,8.357474472935355,602790.921,4962046.157,24,pano_000024_000026.jpg,0.9999850993861744,602782.9185422412,4962048.566989498
179476130,S,13.444291773917707,8.35780548529926,603682.979,4959628.36,82,pano_000082_000039.jpg,0.9996317408793007,603687.5711549304,4959635.343195946
179470643,S,12.227171627993474,8.419573434227386,603651.68,4959592.611,85,pano_000085_000038.jpg,0.9857136827870105,603657.4692034222,4959598.724455696
179422668,N,3.6391336389130573,8.464281848410005,603588.064,4959578.092,84,pano_000084_000021.jpg,0.999956452422044,603583.5385613922,4959570.9390654545
1264869092,W,10.899043577742265,8.475771650222022,602895.018,4962053.152,21,pano_000021_000011.jpg,0.9950428500490057,602903.2935092242,4962051.320429049
179470740,N,13.226196232871864,8.491656493180324,603775.012,4959681.732,80,pano_000080_000054.jpg,0.9934205764571424,603769.9839657363,4959674.888966942
179589028,E,24.528253437650186,8.517125696473057,602862.469,4962253.949,27,pano_000027_000028.jpg,0.9854900202117688,602854.7775008689,4962257.607178679
1380916853,E,17.24460882167984,8.55467211272363,602908.743,4961902.692,18,pano_000018_000064.jpg,0.9997949163545404,602900.4496187352,4961904.790152081
179422774,N,7.7858389226124975,8.562553778499458,603582.955,4959581.54,84,pano_000084_000019.jpg,0.9966735986990078,603578.7637890918,4959574.073335527
179473355,S,10.062124492000043,8.563737201058549,603776.625,4959622.742,77,pano_000077_000096.jpg,0.9999463769810751,603781.2773854295,4959629.93177779
179469489,S,9.298486970877024,8.610586085745034,603751.547,4959639.792,77,pano_000077_000086.jpg,0.9965673747593367,603755.5779419364,4959647.400790958
179472312,N,9.212719721533185,8.616936238240962,603638.405,4959660.026,82,pano_000082_000021.jpg,0.9966485930140894,603634.4595189609,4959652.365401492
179423037,S,9.151770335705944,8.63229156959107,603550.198,4959604.253,84,pano_000084_000006.jpg,0.9994681616304324,603555.3121423807,4959611.2072796505
1264869097,E,12.204952543115393,8.686720476896703,602937.118,4962003.91,19,pano_000019_000140.jpg,0.9977766576316244,602929.0377273157,4962007.098778135
179587350,E,20.27943617772276,8.688349189536247,602774.967,4961847.683,22,pano_000022_000055.jpg,0.9948752454835147,602766.4526450748,4961849.413078566
1380916819,E,16.453800070798096,8.701565240766358,602903.141,4961882.563,18,pano_000018_000057.jpg,0.9890692012390733,602894.5141055109,4961883.70051005
182137172,E,4.9974719665187814,13.234750361003439,605164.643,4962345.115,117,pano_000117_000051.jpg,0.7955127800885685,605152.1376099873,4962340.78212131
1380916856,E,17.584919154769228,8.723978230727926,602913.661,4961920.066,18,pano_000018_000070.jpg,0.9955459340596761,602905.0695625278,4961921.580925188
1380916834,E,14.066954762686752,8.72612971588521,602919.64,4961939.948,18,pano_000018_000077.jpg,0.9987223740381908,602911.3717664912,4961942.737561699
1381208002,S,11.443610842063148,8.738284663724603,602946.75,4962319.678,26,pano_000026_000074.jpg,0.9834037735813946,602950.0125195154,4962327.78439163
1264869091,E,25.08907708546736,8.776991194292174,602943.536,4962027.501,19,pano_000019_000132.jpg,0.9962894336764287,602935.3220808009,4962030.594073845
179474790,S,7.841321307210737,8.823955472333665,603764.729,4959688.467,80,pano_000080_000050.jpg,0.998488109038782,603769.8868806959,4959695.6265011635
179474006,W,6.937732795419562,8.833288299511617,603701.807,4959689.088,78,pano_000078_000007.jpg,0.99974398986033,603709.2398266161,4959684.31515277
1380916817,E,20.436220262620882,8.835619078755501,602896.748,4961859.241,18,pano_000018_000049.jpg,0.9957546503825823,602888.0754303026,4961860.930585558
1380916820,W,12.485427488172824,8.84843626533501,602845.524,4961900.541,23,pano_000023_000063.jpg,0.9883561522005078,602853.4458617975,4961896.599055047
182136986,S,7.477682183323901,8.879293858311366,605301.656,4962136.157,95,pano_000095_000051.jpg,0.9582992560629828,605294.0777684447,4962140.784338966
179469932,S,8.48254919376777,8.937980309704503,603611.607,4959620.081,85,pano_000085_000054.jpg,0.9998947188551605,603616.6640787723,4959627.450765689
179471654,N,8.44348029404091,8.958795527164433,603656.023,4959647.982,82,pano_000082_000028.jpg,0.99984366588888,603651.1705374486,4959640.451155129
1272764638,S,5.645656611745581,9.018233565038884,603678.675,4959745.796,80,pano_000080_000016.jpg,0.9980704199299673,603683.3202072041,4959753.525850365
179585638,W,22.239213965807135,9.024209589958094,602824.559,4961830.234,23,pano_000023_000039.jpg,0.9997703088848459,602833.1684514985,4961827.5296140015
1278717178,N,9.15710866063794,9.02523598848941,602832.001,4961805.132,17,pano_000017_000007.jpg,0.9984115757077607,602829.814263369,4961796.375684133
179586087,S,12.019377685878887,9.026367541199807,602731.299,4961836.452,23,pano_000023_000003.jpg,0.9957295485129376,602734.9926479659,4961844.688035192
179422857,N,8.22711515660231,9.059345764058351,603596.524,4959630.487,85,pano_000085_000060.jpg,0.99557419630546,603590.9123788117,4959623.374936072
179469858,S,4.79008442364908,9.075465901429002,603671.783,4959695.126,83,pano_000083_000012.jpg,0.9784986146509012,603675.7536726526,4959703.286749966
179424140,W,8.179604407452516,9.088401321903264,603595.045,4959533.97,77,pano_000077_000007.jpg,0.9987951802766192,603602.868199964,4959529.344356163
1380916816,E,7.94211809980766,9.104679163543176,602888.483,4961830.402,18,pano_000018_000039.jpg,0.9875525391775759,602879.4557419228,4961831.586818248
179474858,S,4.672534061024458,9.148604148754169,603749.494,4959698.591,80,pano_000080_000044.jpg,0.9999998869090709,603754.7063231743,4959706.109553385
179422845,S,10.18941848109595,9.150621904412285,603585.469,4959579.855,84,pano_000084_000020.jpg,0.9999975377942532,603590.6728711112,4959587.381859019
179423493,N,12.21386766274165,9.162647220774396,603579.115,4959642.412,85,pano_000085_000067.jpg,0.9996103551059357,603573.6272192709,4959635.074536763
1380916815,S,18.581834908648176,9.176834131911573,602858.152,4961797.072,17,pano_000017_000016.jpg,0.9905893530625582,602862.060427957,4961805.374919703
179469731,W,14.121117469332297,9.190059227502852,603771.822,4959878.21,78,pano_000078_000108.jpg,0.9984374822099154,603779.9857448419,4959882.430243922
179475768,N,4.846533276620647,9.196992047763521,603693.768,4959735.447,80,pano_000080_000022.jpg,0.9899369300346572,603687.5548144788,4959728.666071716
179584465,E,10.4489160215955,9.207795255405951,602873.584,4962140.364,18,pano_000018_000169.jpg,0.9918806691865532,602864.5289657642,4962142.034283945
179476600,S,5.17520216527195,9.20824872325618,603696.274,4959733.732,80,pano_000080_000023.jpg,0.9997751108649027,603701.3478121201,4959741.416287549
179423340,S,11.691011781266882,9.211653402744828,603579.115,4959642.412,85,pano_000085_000067.jpg,0.9952418206866677,603585.0480327446,4959649.4585368
2427026,W,17.60815252341775,9.214382370133656,605290.854,4962125.45,95,pano_000095_000056.jpg,0.998083675272512,605298.0578496398,4962119.70461987
179469831,S,7.096218946625464,9.21942684374931,603596.524,4959630.487,85,pano_000085_000060.jpg,0.9985497208835259,603601.2505534284,4959638.402650574
179422869,S,8.45033868851924,9.242898766537852,603567.656,4959591.773,84,pano_000084_000013.jpg,0.9978237048346233,603573.5007893678,4959598.933280362
179473433,N,7.178536644974892,9.251172367751105,603623.269,4959670.544,82,pano_000082_000015.jpg,0.9995506555667426,603618.2356124059,4959662.781964216
2426998,S,18.67533470144493,9.264964986269732,605290.854,4962125.45,95,pano_000095_000056.jpg,0.9988920829685881,605284.348715059,4962132.047032971
1380916818,W,36.100025907991395,9.269063178658687,602835.727,4961868.256,23,pano_000023_000052.jpg,0.9909373807349389,602844.1863908919,4961864.467301285
179471791,S,5.0876580563278235,9.305814485598207,603666.66,4959698.658,83,pano_000083_000014.jpg,0.9964162029369059,603671.8860339052,4959706.357789144
1275049296,E,14.88848485017245,9.39321082998139,602896.668,4962206.437,18,pano_000018_000192.jpg,0.9990658703004972,602887.6683442716,4962209.127465848
182137541,W,11.504795782215405,9.403707692207295,605350.606,4962375.389,110,pano_000110_000078.jpg,0.9956014955078142,605359.1603945452,4962371.483612399
179470737,S,32.03702929094526,9.406119692556393,603697.866,4959790.876,81,pano_000081_000038.jpg,0.9859611445813484,603701.8375169286,4959799.402555047
179589092,E,9.829924961622734,10.463318767665697,602817.223,4962111.962,24,pano_000024_000050.jpg,0.84135730662025,602810.7097462999,4962120.15092947
179471921,W,13.0090066996903,9.533149080500765,603782.667,4959859.821,78,pano_000078_000115.jpg,0.9925245513048537,603790.2353498118,4959865.617638037
179472221,W,12.038368717416573,9.587658667656278,603792.057,4959844.116,78,pano_000078_000121.jpg,0.9965962787586155,603800.70352126,4959848.258567903
179472430,W,13.465026711749877,9.598141699401355,603762.222,4959893.93,78,pano_000078_000102.jpg,0.9965947428601449,603770.0245070972,4959899.519741235
179475436,S,5.860729825384554,9.624817627076343,603732.05,4959710.943,80,pano_000080_000037.jpg,0.9876640753327708,603738.2879981186,4959718.272699436
179476007,S,7.455214296695383,9.636928194859008,603653.738,4959707.505,83,pano_000083_000019.jpg,0.9964179722782247,603658.8131967862,4959715.69723795
1380916836,E,14.232860708988364,9.658984426052696,602925.783,4961960.071,18,pano_000018_000084.jpg,0.9999711365784725,602916.4942931152,4961962.7197552845
1240195712,W,35.24149141902405,9.669386237461945,602920.534,4961942.892,18,pano_000018_000078.jpg,0.9991353183899626,602929.733641308,4961939.914815087
1381208000,S,19.895495137017228,9.682383827416968,602961.508,4962315.629,26,pano_000026_000069.jpg,0.9806007926830942,602965.3367436263,4962324.522215326
179588981,W,15.128932176988771,9.717217578761591,602872.553,4961775.402,18,pano_000018_000020.jpg,0.9999998997377577,602881.8665684696,4961772.630401213
179469698,E,9.034020239432346,9.729948586286216,603649.913,4959613.891,77,pano_000077_000039.jpg,0.9900965838872193,603641.1327190474,4959618.083680037
179423699,E,8.289809100141728,9.739449878562423,603622.624,4959573.942,77,pano_000077_000023.jpg,0.9993058921825205,603614.5535948612,4959579.394104624
179473110,S,12.219606956295697,9.791015693474817,603782.185,4959675.997,80,pano_000080_000057.jpg,0.9936958220897267,603788.2564448757,4959683.678246345
179422530,N,11.273356144315475,9.83761520822098,603739.904,4959529.554,85,pano_000085_000002.jpg,0.9568433651066721,603732.2994177351,4959523.31308648
1272764626,S,16.492703154067907,9.874134387621307,603720.323,4959774.959,81,pano_000081_000029.jpg,0.9711590685961592,603727.648738272,4959781.579580691
1240195708,W,33.89631367585864,9.8787756788359,602932.561,4961986.414,19,pano_000019_000146.jpg,0.997684945334041,602941.8727038491,4961983.115154698
179422931,S,9.403151793483529,9.892138795740522,603671.226,4959578.276,85,pano_000085_000030.jpg,0.9934141187730936,603675.8506982792,4959587.0205168985
179423177,E,9.607655806404454,9.947651568852663,603595.045,4959533.97,77,pano_000077_000007.jpg,0.9983864076357555,603586.2816471058,4959538.677379079
179470491,N,12.387063618143465,9.966502782041923,603608.206,4959681.088,82,pano_000082_000009.jpg,0.9942895007523851,603601.6936323631,4959673.543449286
179588095,E,16.779882890561716,9.971066411206708,602854.632,4962230.801,27,pano_000027_000036.jpg,0.999564864148326,602845.1394223019,4962233.852742785
179475438,S,10.500482767963398,10.002590559969592,603723.58,4959658.384,77,pano_000077_000075.jpg,0.9854447534544171,603730.4355343605,4959665.667781061
179474401,S,6.676947800188141,10.031618672967001,603690.56,4959623.128,82,pano_000082_000042.jpg,0.9973284444431056,603696.8091699211,4959630.975372076
179586603,W,14.873196415006417,10.073475024701015,602863.442,4961746.359,18,pano_000018_000010.jpg,0.9917707544853921,602872.6612908205,4961742.299495616
1240195723,W,5.575291593378509,10.075358499952577,602885.068,4961818.794,18,pano_000018_000035.jpg,0.9992942275721362,602894.6608247695,4961815.71332445
179424088,E,16.860159914223846,10.092764921446761,603529.487,4959431.006,76,pano_000076_000126.jpg,0.9840804198042759,603520.874629491,4959436.268221771
1240195732,W,17.667435862468135,10.194865484454745,602855.098,4961718.408,18,pano_000018_000000.jpg,0.9864553962039625,602864.2437263142,4961713.903449807
179422368,S,13.496213589534156,10.24249476539822,603747.661,4959581.982,82,pano_000082_000065.jpg,0.9588025713073401,603755.2640266116,4959588.845139615
1275049297,E,8.358470556447024,10.294577570014638,602905.03,4962229.521,18,pano_000018_000200.jpg,0.9999992411262256,602895.3312913738,4962232.972576208
1240195716,W,16.55874358698836,10.30659672745256,602911.231,4961911.537,18,pano_000018_000067.jpg,0.997730970768754,602921.3222131163,4961909.440967096
179470352,S,9.74675058364118,10.314162600544787,603733.542,4959651.271,77,pano_000077_000079.jpg,0.9993024957738511,603738.8858458393,4959660.092862717
1240195702,W,13.945344212706935,10.317603647919903,602946.577,4962039.166,19,pano_000019_000128.jpg,0.9977769472051237,602956.2938032364,4962035.696608137
651635095,W,7.51241664920542,10.35042904704187,605309.736,4962290.567,110,pano_000110_000110.jpg,0.9958938835468457,605319.0058806883,4962285.962578921
179468293,W,9.378855423413238,10.383073898530466,603790.54,4959726.037,81,pano_000081_000000.jpg,0.9992850047907862,603799.0406300044,4959720.074826478
1240195719,W,8.771409242650554,10.388922980005674,602902.337,4961879.624,18,pano_000018_000056.jpg,0.9986018140880963,602912.4775120452,4961877.365740459
179477025,S,12.506512778297086,10.43552900179626,603786.798,4959732.343,81,pano_000081_000003.jpg,0.9354669586352964,603795.2259822839,4959738.496810216
1275049295,E,14.38595414067794,10.439974361478587,602915.122,4962258.314,18,pano_000018_000210.jpg,0.999112740443908,602905.4237594709,4962262.178866789
1381208001,S,9.754921788309282,10.44232712372586,602976.246,4962311.605,26,pano_000026_000064.jpg,0.9965388084341286,602979.8381750438,4962321.410022908
1240195707,W,9.252507314372782,10.452920896906363,602941.133,4962018.703,19,pano_000019_000135.jpg,0.9994597270604522,602951.1102483617,4962015.585618019
179589387,E,15.884535638951009,10.457328401000643,602788.639,4961891.438,22,pano_000022_000040.jpg,0.9975321100956529,602778.4403486006,4961893.749542106
179423066,S,9.394603674626678,10.47927126071012,603691.165,4959564.592,85,pano_000085_000022.jpg,0.995741017673109,603697.4832190963,4959572.952336932
648938345,S,7.503671333685245,10.480000142622877,603411.944,4959244.005,76,pano_000076_000049.jpg,0.9902706243840305,603414.6260962839,4959254.135980334
179473095,S,12.815520168095276,10.49655891793366,603636.02,4959719.49,83,pano_000083_000026.jpg,0.9972058033269651,603641.1040089661,4959728.673169494
693639659,E,14.856789971786737,10.527483525616722,603471.445,4959303.446,76,pano_000076_000080.jpg,0.9892670792004176,603461.3548202674,4959306.448695846
1240195729,W,9.287792630627399,10.532793824451272,602867.16,4961758.041,18,pano_000018_000014.jpg,0.9902907645825373,602876.7508638316,4961753.6872571595
179475962,S,16.84281137129067,10.598215988874724,603705.723,4959612.658,82,pano_000082_000048.jpg,0.9946948282737662,603710.6472319288,4959622.042781407
179423377,E,3.6369236072562954,10.61842123243768,603448.563,4959476.516,74,pano_000074_000012.jpg,0.9655471129238172,603440.0170403447,4959482.818177643
182138117,E,3.0216474706088596,10.666372113184353,605250.055,4962036.641,97,pano_000097_000019.jpg,0.9322075275658559,605239.7637558823,4962033.837111884
179469830,W,7.365334362523783,10.683620437594938,603806.196,4959820.658,78,pano_000078_000130.jpg,0.9981097602333338,603814.8401241666,4959826.936444318
179475363,S,13.733382641828001,10.704199698080227,603726.112,4959599.01,82,pano_000082_000056.jpg,0.998907355882928,603732.0591846332,4959607.910049781
1240195694,W,12.05556077500162,10.708453376971285,602969.837,4962123.698,19,pano_000019_000099.jpg,0.997605062148125,602980.3230311058,4962121.52679633
1392131965,S,12.43460637571036,10.72825321163977,602996.855,4962305.987,26,pano_000026_000057.jpg,0.9966166897585159,602998.8886714205,4962316.520736162
1275049304,W,16.980692070492463,10.756272283998454,602913.089,4962252.536,18,pano_000018_000208.jpg,0.9972368565818794,602922.9464028499,4962248.231467215
179424047,E,16.87117086536311,10.790477678020597,603509.211,4959379.926,76,pano_000076_000108.jpg,0.9881390506505907,603499.7914663379,4959385.189724358
179423580,E,7.7878408422134004,10.863457616959899,603569.628,4959495.157,76,pano_000076_000151.jpg,0.9973214759222081,603560.0377515536,4959500.260121215
648938350,W,17.8266889109021,10.864454817282319,603442.535,4959366.373,74,pano_000074_000064.jpg,0.9988260845730568,603452.5149784021,4959362.079235966
179588370,S,19.251243725887594,10.928316516225552,602828.595,4962108.63,24,pano_000024_000054.jpg,0.9957959124302789,602832.9297220036,4962118.661863588
1275049305,W,16.98343900303003,10.991013179878117,602901.912,4962220.82,18,pano_000018_000197.jpg,0.9926947686963797,602912.6455832775,4962218.455140441
179589026,W,3.2667703943370396,11.015441679452326,602974.654,4962141.375,19,pano_000019_000093.jpg,0.9999677381370784,602985.2428316583,4962138.339114708
179587491,W,12.3853021931531,11.065131764197167,602989.5,4962194.006,19,pano_000019_000075.jpg,0.9997007638141083,603000.0733641648,4962190.743928388
1240195725,W,11.203818530855846,11.070920506429298,602880.089,4961801.423,18,pano_000018_000029.jpg,0.9996114526744938,602890.6096550213,4961797.976103023
179423805,E,9.955791563687693,11.105681689713101,603579.511,4959510.564,76,pano_000076_000157.jpg,0.9999604068072107,603569.9767673186,4959516.259135904
179423600,E,9.254831373620789,11.124155442055168,603542.093,4959455.271,76,pano_000076_000135.jpg,0.9999777883689358,603533.1014558966,4959461.820730447
179469361,S,7.16439464773671,11.124975962852007,603789.29,4959670.18,80,pano_000080_000060.jpg,0.9847857346910946,603796.5281800237,4959678.628303979
182137964,E,3.3997953707547204,11.165428671658269,605349.379,4962369.856,110,pano_000110_000080.jpg,0.8368555185842499,605338.6518192596,4962366.758518638
179587193,E,12.601130285468495,11.167955785169799,603008.279,4962261.754,19,pano_000019_000052.jpg,0.9917086010697675,602998.0033322292,4962266.128230022
179476509,S,24.873745387349494,11.179049629498921,603769.314,4959744.372,81,pano_000081_000010.jpg,0.9999997386193453,603775.2467453586,4959753.846897526
179422703,W,10.038738501708258,11.224259417049923,603517.444,4959585.196,73,pano_000073_000074.jpg,0.9981662048484077,603527.0472062128,4959579.385455284
1240195692,W,9.494737715021898,11.231416072924056,602982.155,4962170.682,19,pano_000019_000083.jpg,0.9959501240850046,602992.651461448,4962166.685876369
179423501,E,8.680041267288297,11.39704071815173,603552.712,4959470.033,76,pano_000076_000141.jpg,0.9996395677250438,603543.6986171224,4959477.008060303
179422437,W,10.030241099129048,11.431601213562617,603607.125,4959551.382,77,pano_000077_000014.jpg,0.9881487930052953,603615.595246432,4959543.704993311
179470654,W,15.211661208526486,11.493074603126715,603825.916,4959786.368,78,pano_000078_000143.jpg,0.9992883325428598,603835.5200464071,4959792.680927725
2427030,S,17.492497177291018,11.506123960095158,605276.323,4962108.483,96,pano_000096_000004.jpg,0.9929470687306277,605267.3676864686,4962115.707489472
1240195697,W,4.499264041696352,11.527327189537187,602951.244,4962056.82,19,pano_000019_000122.jpg,0.9981527414043948,602962.5088519226,4962054.374108896
179472474,W,13.736250662807953,11.591033137036652,603833.888,4959773.358,78,pano_000078_000148.jpg,0.9963066543181195,603843.1216140185,4959780.364598414
179422956,E,8.200552159408034,11.605964786626785,603451.804,4959481.707,74,pano_000074_000010.jpg,0.977986180851516,603442.2515482941,4959488.298591997
179470451,W,13.728235639610682,11.614340886428439,603817.988,4959799.332,78,pano_000078_000138.jpg,0.999835696763131,603828.0752932446,4959805.088685611
179584053,N,6.82211386934683,16.038088627289664,605338.214,4961969.233,93,pano_000093_000002.jpg,0.7302719067284881,605324.0205523458,4961961.765314246
182136634,N,10.531925837261348,13.685416607093707,605280.875,4962244.35,110,pano_000110_000128.jpg,0.825576244110328,605283.9776143597,4962231.020918567
1275064022,W,12.595353955598647,12.076349118376257,602948.09,4962260.637,18,pano_000018_000224.jpg,0.8429264398195301,602959.8367803767,4962263.439027624
2427030,E,5.493880782897877,12.108373064326416,605287.283,4962120.97,95,pano_000095_000058.jpg,0.8680555013863042,605275.513185682,4962123.813267345
1307198408,N,13.217805013216802,28.010934056307505,605323.737,4962178.156,118,pano_000118_000011.jpg,0.997010236968255,605339.7538690371,4962155.176175524
179589933,W,9.515250362023204,12.45886375442885,602836.921,4961653.705,17,pano_000017_000069.jpg,0.9954894919983165,602849.1466784544,4961651.305818393
648938348,S,21.046857395173014,12.470389839477631,603373.529,4959262.035,76,pano_000076_000035.jpg,0.9943304661918968,603377.7886932241,4959273.755308716
182136803,S,8.259369450435146,13.746065760042994,605340.015,4961971.545,93,pano_000093_000003.jpg,0.721516328107372,605332.5823654202,4961983.108315575
1240195722,W,14.26670877611265,12.815772706880676,602891.804,4961841.966,18,pano_000018_000043.jpg,0.9998820673445723,602904.1259770674,4961838.4428038355
1382069441,S,7.500271817675503,12.830827477235157,603156.322,4962384.287,25,pano_000025_000151.jpg,0.9633066299148783,603156.2900686762,4962397.117787745
179470924,E,6.422869508506562,12.887543786978567,603737.91,4959741.682,78,pano_000078_000028.jpg,0.9998754597347111,603727.3692642816,4959749.096962938
179476284,N,10.308612797792849,13.246210085456314,603849.768,4959744.446,78,pano_000078_000159.jpg,0.9546137806899211,603853.2531897156,4959731.666503364
1278717176,E,17.231790325964212,13.365315049174574,602839.03,4961668.133,17,pano_000017_000064.jpg,0.9999914429642457,602826.3134000725,4961672.246360261
179589649,E,11.466326685045145,13.50519147536999,602809.518,4962101.587,24,pano_000024_000045.jpg,0.9989376582524355,602796.6699616092,4962105.748502888
182138186,W,14.035827201935392,20.226937853263355,605150.508,4962350.533,117,pano_000117_000056.jpg,0.7782486618477186,605159.6690578742,4962332.499585638
179470308,E,11.534947303132096,13.57343055723426,603625.404,4959738.747,73,pano_000073_000013.jpg,0.9959144694858955,603614.1982815858,4959746.4066274
179586447,E,9.855800898486395,13.575284905769578,602847.404,4962210.672,27,pano_000027_000043.jpg,0.956495077224813,602833.8300349372,4962210.482704609
179589557,S,11.89696925635351,13.689950578116573,603113.262,4962213.788,25,pano_000025_000048.jpg,0.8452817367987335,603123.2890821788,4962223.108534846
1240195735,W,9.35379499164785,13.71982995790685,602844.869,4961685.103,17,pano_000017_000058.jpg,0.9995072841281919,602857.9063036176,4961680.8295413945
1240195691,W,37.051399328616064,13.800349720529098,602999.528,4962229.043,19,pano_000019_000063.jpg,0.9999430755025773,603012.8611442216,4962225.482534079
648938347,W,5.864991235718727,13.842028580772222,603351.781,4959272.979,76,pano_000076_000027.jpg,0.7829040384624529,603359.45397541,4959284.4997293
179423332,W,4.6178787991917325,14.042133885467965,603493.572,4959549.505,73,pano_000073_000088.jpg,0.9985183794885285,603505.0610493616,4959541.431384403
179422949,W,7.656106982661446,14.050921398169082,603490.166,4959544.328,73,pano_000073_000090.jpg,0.9998923547643993,603501.6972952839,4959536.299449619
182136837,E,21.289189827299793,16.259351438920575,605109.955,4962307.301,110,pano_000110_000189.jpg,0.745361049320452,605100.6087802744,4962320.605686621
179585935,W,17.928652408610947,14.449627578474086,602963.093,4962100.489,19,pano_000019_000107.jpg,0.9999572478869667,602976.9635589144,4962096.43939106
2427044,S,14.232294861473896,14.525602754610752,605269.393,4962098.873,96,pano_000096_000008.jpg,0.9262220622055202,605256.0438799888,4962104.599615956
179590372,W,60.16073361983522,14.677537527142116,603176.106,4962201.491,25,pano_000025_000074.jpg,0.999577985670047,603190.239681669,4962197.532572241
179468624,E,9.667855806533906,14.762150286312655,603639.896,4959762.142,73,pano_000073_000004.jpg,0.9607514806334393,603626.3836041071,4959768.086429184
179471256,N,3.4939299422071106,14.77217754618069,603671.158,4959750.98,80,pano_000080_000013.jpg,0.9981777658099233,603661.8119348674,4959739.540231821
1268333216,W,5.4430794687943695,14.846011816176055,602795.85,4962060.769,24,pano_000024_000031.jpg,0.9981460474195532,602810.1640570135,4962056.830492839
179424183,W,11.92674993072515,14.98063550203089,603502.027,4959562.386,73,pano_000073_000083.jpg,0.9984421400276724,603515.189788095,4959555.233346674
182136841,E,11.808602071045286,14.995870578046635,605125.086,4962360.586,117,pano_000117_000065.jpg,0.9941592537089776,605110.9285510599,4962365.529963379
1392034237,E,18.054580694014817,15.036069178225445,605135.102,4962398.667,116,pano_000116_000070.jpg,0.9999411143573784,605120.5338289784,4962402.388796531
182138076,N,11.405328744381118,15.528101481096364,605296.815,4962173.624,118,pano_000118_000001.jpg,0.7342007089835076,605294.0432713712,4962158.345274398
179423444,W,19.313182928849972,15.146786373728123,603462.608,4959500.285,74,pano_000074_000003.jpg,0.9896887694891754,603476.259695007,4959493.723265406
179423078,E,10.520089194515576,15.164019403984026,603440.406,4959463.653,74,pano_000074_000017.jpg,0.9991835463560759,603427.5963337305,4959471.768413394
1240195712,N,12.21414863197687,24.77476563069451,602930.304,4961977.917,19,pano_000019_000149.jpg,0.7736688348593862,602940.3449480652,4961955.268194865
179468273,E,12.824118648018391,15.473174502901477,602724.488,4961838.138,23,pano_000023_000000.jpg,0.8533246013574735,602709.305025441,4961835.155314509
182138149,N,5.73261739587696,15.882976162129435,605309.11,4962402.398,110,pano_000110_000060.jpg,0.9980801302874811,605302.6549345346,4962387.885899477
1364854475,N,5.380059408095226,15.959012955700485,602798.064,4962015.902,24,pano_000024_000012.jpg,0.9929204054448603,602794.6617802646,4962000.30985469
182137726,E,3.580560714087015,16.08214520141022,605125.086,4962360.586,117,pano_000117_000065.jpg,0.9321494839051541,605109.2082035654,4962358.030422832
2427021,E,11.540273114034939,16.133822371483898,605334.916,4961965.955,93,pano_000093_000000.jpg,0.9679469427086703,605324.7083597283,4961978.449170817
1268333210,W,6.869405210152184,16.380493553661275,602805.588,4962089.96,24,pano_000024_000041.jpg,0.9950293730293474,602821.5061081385,4962086.095494552
1240195697,S,9.749519257339971,23.20374624585857,602946.577,4962039.166,19,pano_000019_000128.jpg,0.7186758683274693,602966.5948016609,4962050.900626388
1240195702,S,12.579840424924864,23.181957518081997,602940.325,4962015.774,19,pano_000019_000136.jpg,0.7130317510639852,602960.4469791392,4962027.285260135
179422385,W,14.999602983656818,16.652241995297103,603446.916,4959473.897,74,pano_000074_000013.jpg,0.9926565747690009,603460.3943524954,4959464.117880536
182136558,W,11.77754910562828,16.931001427498074,605374.882,4962089.451,95,pano_000095_000014.jpg,0.7622785361435392,605391.8095907351,4962089.1111746775
179423728,E,3.660843099611394,17.060276576480458,603287.167,4959311.81,76,pano_000076_000001.jpg,0.7406609532881898,603270.2545565371,4959314.0510472935
179423286,E,7.20251478951098,67.90846579726858,603500.02,4959360.661,76,pano_000076_000101.jpg,0.99164305560247,603438.4422430285,4959389.292094519
182137034,N,10.42169222524852,24.90452985340227,605253.668,4962050.437,97,pano_000097_000014.jpg,0.7374423415571464,605232.3540517106,4962037.554794617
1280551886,W,15.247844142055518,17.498558559931723,603203.093,4962297.411,25,pano_000025_000106.jpg,0.9954808334216421,603220.3580192106,4962294.561673177
182138149,W,3.6389518436001174,24.451050952058633,605288.805,4962409.353,110,pano_000110_000053.jpg,0.7617158700717677,605299.2168963777,4962387.229566576
1255675382,S,13.930954529333011,17.761033666611326,602899.638,4962332.357,26,pano_000026_000090.jpg,0.9994237466555635,602904.9147885524,4962349.316063049
1255675383,S,17.52171873347352,17.945965030100606,602875.877,4962338.716,26,pano_000026_000098.jpg,0.998659035815506,602881.5646295138,4962355.736826401
1272979342,N,3.5510817830319117,18.087090975305287,603756.692,4959811.172,78,pano_000078_000058.jpg,0.9999994506914753,603746.4470371982,4959796.266175731
2427016,S,43.890521106116424,18.09189581366533,605184.455,4962444.77,110,pano_000110_000017.jpg,0.9997287100232742,605189.7588746815,4962462.066982612
1274983690,N,18.536251895738292,18.50837575897996,603152.891,4962185.561,25,pano_000025_000064.jpg,0.9554439016743669,603146.7352686636,4962168.106288747
182148304,S,44.970699913669044,18.539885674304948,605262.903,4962418.549,110,pano_000110_000044.jpg,0.9994275956802959,605268.196602843,4962436.317093026
1280551887,W,6.721457215501249,18.59101641664052,603199.742,4962285.456,25,pano_000025_000102.jpg,0.999327193688158,603217.4847167078,4962279.9042529585
179422996,E,4.701155144533081,18.684611742985062,603598.531,4959538.964,77,pano_000077_000009.jpg,0.9999700449337896,603583.2511016973,4959549.717577257
179423375,N,5.3835791346278885,18.79361720779666,603586.551,4959637.348,85,pano_000085_000064.jpg,0.9998773527184641,603575.2328133956,4959622.344710369
179424110,W,7.516964879953384,18.82277268367157,603413.714,4959422.822,74,pano_000074_000033.jpg,0.9904478438116748,603428.9486142802,4959411.767439891
1380916872,S,3.8281379265966637,18.930817832615762,602792.25,4961817.563,23,pano_000023_000024.jpg,0.9999999997984752,602797.3436392039,4961835.795682289
182137510,N,10.876094778792128,18.95783093268502,605219.407,4962432.995,110,pano_000110_000029.jpg,0.999994659154951,605214.12815982,4962414.786946835
179422900,W,9.604142217126368,19.209770993864602,603475.718,4959520.837,73,pano_000073_000099.jpg,0.9999823261643306,603491.7805071445,4959510.300816351
1364854471,E,4.296122504304945,19.355715440566996,602800.012,4961926.305,22,pano_000022_000028.jpg,0.9977158992821359,602781.3874677921,4961931.574774212
182136884,N,10.04651477887394,19.374865180767618,605210.606,4962436.005,110,pano_000110_000026.jpg,0.9986330218005813,605204.0971101299,4962417.756171177
1264869133,W,3.794593342493189,19.444100482057323,602840.994,4962045.215,18,pano_000018_000136.jpg,0.9997457484157062,602859.2820512254,4962038.610439005
179422966,S,5.843894506755025,19.50445942511716,603681.117,4959571.349,85,pano_000085_000026.jpg,0.9974281927323407,603692.3296940727,4959587.308305407
179584632,E,13.968856870128585,19.78586221388845,602869.438,4962274.343,27,pano_000027_000021.jpg,0.9829698622518609,602851.7189954051,4962283.147386391
179422491,E,5.191134491628637,19.696073227401158,603455.017,4959486.912,74,pano_000074_000008.jpg,0.9889366388275543,603438.1265034471,4959497.043457288
1264869130,W,5.249062440424006,19.84435287133636,602847.057,4962062.521,18,pano_000018_000142.jpg,0.9999595232819917,602865.9083407095,4962056.322186054
182137640,N,9.805790339887087,20.0326821540531,605169.854,4962449.059,110,pano_000110_000012.jpg,0.9943963625931448,605165.6287568202,4962429.476975734
179422971,N,16.47179178459578,20.03444556645944,603413.557,4959360.137,75,pano_000075_000009.jpg,0.8374793429919671,603417.0815211693,4959340.415013293
182137265,N,30.28961742795364,20.039772102280956,605190.247,4962442.849,110,pano_000110_000019.jpg,0.9998569965494826,605184.7846178587,4962423.568054814
179470051,S,3.9913835195462273,20.184221997697488,603775.012,4959681.732,80,pano_000080_000054.jpg,0.9872851714834976,603788.4805501177,4959696.76532882
179469716,S,10.023653064334237,20.187901218642082,603803.704,4959660.874,80,pano_000080_000066.jpg,0.9927333139491745,603812.3269513387,4959679.127658971
1381207986,W,3.634807575606026,20.190484136695186,602800.867,4961929.246,22,pano_000022_000027.jpg,0.9998972783095533,602820.072109591,4961923.015477127
182136823,N,11.93918776796913,24.89964899900543,605337.942,4962392.346,110,pano_000110_000070.jpg,0.9999990929638376,605329.185658732,4962369.036795641
179423098,N,19.709154985097317,20.217486466520604,603703.617,4959556.037,85,pano_000085_000017.jpg,0.9995963268786486,603692.7523757821,4959538.986876844
179423995,W,6.427993852928306,20.283860279627977,603422.077,4959435.553,74,pano_000074_000028.jpg,0.9993971395242136,603439.7806993225,4959425.652797066
1392034223,E,52.1175240835545,33.169984509251464,605150.477,4962456.835,110,pano_000110_000005.jpg,0.7214919244374072,605131.6588501672,4962484.150290759
1380916893,W,4.373759938003708,20.493147843675594,602811.988,4961960.992,22,pano_000022_000016.jpg,0.9991040662543089,602831.6671069837,4961955.273446262
179590210,E,4.5744871505336695,20.71035925404057,602850.359,4962219.372,27,pano_000027_000040.jpg,0.9963497716342413,602831.0069571488,4962226.748816244
1380916879,E,5.634887970170038,21.920063248692653,602831.31,4961853.604,23,pano_000023_000047.jpg,0.9524451864486178,602809.3952395094,4961853.121873995
1307198409,W,10.850876644154006,20.986166221144487,605327.428,4962150.785,95,pano_000095_000040.jpg,0.998705053240653,605343.0892070915,4962164.754458297
2427073,E,14.236743177324218,22.90877117126832,605127.83,4962359.382,117,pano_000117_000064.jpg,0.7777942309357572,605107.2382624322,4962349.3424711
179424241,E,9.15185484539892,21.111631599095553,603393.988,4959393.216,74,pano_000074_000045.jpg,0.8808968784516658,603372.9011597256,4959394.238817688
1263414132,N,4.963213517625972,22.242946438760434,602740.014,4961834.116,23,pano_000023_000006.jpg,0.9987342704026501,602734.2550075663,4961812.631524852
179587218,E,10.158383767237586,22.551616621311428,602784.546,4962020.866,24,pano_000024_000017.jpg,0.7320809699989761,602764.1629505344,4962011.21681834
34413896,E,29.747419358169797,22.602001990984025,603199.742,4962285.456,25,pano_000025_000102.jpg,0.9996516279550114,603178.2283987224,4962292.385318443
179589631,S,12.129932534921203,24.64320556208626,602820.122,4962111.592,24,pano_000024_000051.jpg,0.7142699108018827,602808.9253686843,4962133.544745331
179587553,E,3.728537999688683,22.770964523983984,602806.568,4962092.849,24,pano_000024_000042.jpg,0.9932739185294587,602785.3797519787,4962101.190161258
1380916825,W,7.24703876156404,25.02748854998507,602846.491,4961903.436,23,pano_000023_000064.jpg,0.9476279138680722,602871.4927300536,4961904.571199307
2427076,N,11.06861491306718,24.391847463676907,605314.848,4962400.425,110,pano_000110_000062.jpg,0.9969617285253902,605307.8115080078,4962377.070128921
182138256,N,11.330506361698617,24.650284070957955,605326.427,4962396.363,110,pano_000110_000066.jpg,0.9998353677620716,605318.2823109098,4962373.097133491
1364854481,E,7.311686159265812,24.852211467777558,602793.279,4961906.022,22,pano_000022_000035.jpg,0.9996040788002867,602769.554799123,4961913.424344735
1278717179,E,5.7788750089768,24.903681220587696,602866.373,4961757.88,17,pano_000017_000033.jpg,0.9999874236696494,602842.6080445347,4961765.324476482
1380916900,E,4.614831407215936,25.890971970862505,602841.852,4961888.924,23,pano_000023_000059.jpg,0.988939968497518,602818.7685899569,4961900.649980146
1392034224,E,20.921124843634974,25.708486340696656,605146.308,4962460.876,110,pano_000110_000003.jpg,0.7581204461218216,605123.7783754834,4962448.492854638
1254075480,W,4.064499248315344,25.717482681600785,603767.444,4959886.193,78,pano_000078_000105.jpg,0.9983366171937564,603790.3068848238,4959897.96913744
179423226,S,3.8283299003451448,25.985274952145556,603614.466,4959498.991,76,pano_000076_000171.jpg,0.9930363310700744,603631.5540471339,4959518.5673418315
179422828,N,11.908630602951547,41.432920155156715,603402.092,4959385.829,74,pano_000074_000049.jpg,0.9877581982417669,603391.8709833456,4959345.6765693
179585759,N,10.812647874659547,38.792010562395625,602829.049,4961805.963,17,pano_000017_000006.jpg,0.813033176878452,602798.1885277424,4961782.458716655
179586759,E,16.001830213521096,26.94297507184219,602769.727,4962347.529,26,pano_000026_000148.jpg,0.7737411300198445,602745.3453168054,4962336.063511334
1264869103,W,3.7134087218375322,26.478250591637973,602888.37,4962032.761,21,pano_000021_000018.jpg,0.9999110273394393,602913.42574132,4962024.199015341
1364854480,E,4.070113936854431,26.729280732954535,602809.015,4961952.346,22,pano_000022_000019.jpg,0.9968772417596448,602784.545953714,4961963.103333424
1263414117,N,4.997630106471851,26.714605815402063,602792.25,4961817.563,23,pano_000023_000024.jpg,0.9999381934091717,602784.0000187377,4961792.154183162
179423478,E,7.851115928138113,41.69873769540366,603737.746,4959531.85,85,pano_000085_000003.jpg,0.7381328024993943,603696.3098830564,4959527.177427046
179423582,E,8.05985666755239,32.7243481516546,603603.714,4959546.435,77,pano_000077_000012.jpg,0.8639206888651685,603570.9982927005,4959547.186969325
1380916845,E,4.4683164764660415,27.280858259806784,602893.448,4961847.695,18,pano_000018_000045.jpg,0.9999761409177359,602867.3287098645,4961855.5707799755
179474838,W,5.7595851700756,27.345229434494886,603848.711,4959750.86,78,pano_000078_000157.jpg,0.999229485695055,603872.2972689229,4959764.696527422
1380916841,W,4.740926073912526,27.9818537708634,602866.581,4961964.008,23,pano_000023_000085.jpg,0.9990170130884359,602893.1630355634,4961955.268461924
1278717180,N,17.18851020877468,36.47349915781718,602837.658,4961662.345,17,pano_000017_000066.jpg,0.9092326606437681,602815.4438918242,4961633.416648185
179589441,E,7.770594322646049,29.86152720529114,602802.796,4961935.117,22,pano_000022_000025.jpg,0.9349937762377655,602779.8933035567,4961954.278871064
179475048,E,9.716400532013333,28.20392701725411,603756.136,4959896.03,78,pano_000078_000100.jpg,0.7471514143449103,603751.6414563878,4959923.87350152
179586335,N,14.359122911763144,28.35222445688545,602843.592,4962347.505,26,pano_000026_000109.jpg,0.9999861188439191,602835.7680426578,4962320.253682177
179423299,N,8.41101688626501,31.853466466872444,603580.368,4959583.233,84,pano_000084_000018.jpg,0.8870541560832572,603552.8594830417,4959567.172961994
179588416,E,7.361204270445125,28.85812701631753,602811.171,4962107.506,24,pano_000024_000047.jpg,0.9889387639977489,602784.7872975606,4962119.1975243
1240195726,W,8.245117125378242,30.290706618282062,602875.95,4961786.996,18,pano_000018_000024.jpg,0.9492839801859168,602906.2297853704,4961787.809329802
1280551884,W,7.162169741754826,29.16941191237259,603204.053,4962312.97,25,pano_000025_000111.jpg,0.8717517549711027,603232.3517768685,4962320.043458778
182138144,N,6.841436276088679,29.191868510866406,605288.805,4962409.353,110,pano_000110_000053.jpg,0.999863913412192,605279.3736557185,4962381.726655106
1240195704,W,5.26296046562456,29.196020098502544,602944.3,4962030.377,19,pano_000019_000131.jpg,0.9998205122924427,602972.5548186746,4962023.023578263
179587648,N,12.454778885050917,35.07017795424801,602763.204,4961826.726,23,pano_000023_000014.jpg,0.8390058653541388,602772.6237420004,4961792.944557722
1381208005,S,7.7255937562130805,29.43417058339122,602937.893,4962322.126,26,pano_000026_000077.jpg,0.9998421727245481,602945.7310926014,4962350.497371174
179423309,E,11.861515165079842,31.479823148214425,603545.646,4959460.181,76,pano_000076_000137.jpg,0.930091564930508,603527.9410960742,4959486.210130651
1380916823,W,6.933941365157372,30.14008534034563,602848.318,4961909.174,23,pano_000023_000066.jpg,0.9836908234673438,602875.388618124,4961895.922344304
